date,sku_id,on_hand_units,on_order_units,lead_time_days,reorder_point
2025-07-06,SKU001,83,22.0,21,49
2025-07-06,SKU002,468,132.0,16,306
2025-07-06,SKU003,196,50.0,20,172
2025-07-06,SKU004,121,82.0,17,143
2025-07-06,SKU005,133,19.0,6,101
2025-07-06,SKU006,233,96.0,10,188
2025-07-06,SKU007,134,56.0,11,73
2025-07-06,SKU008,200,97.0,7,157
2025-07-06,SKU009,224,48.0,15,199
2025-07-06,SKU010,67,14.0,14,56
2025-07-06,SKU011,23,17.0,21,83
2025-07-06,SKU012,77,64.0,19,263
2025-07-06,SKU013,507,15.0,9,53
2025-07-06,SKU014,91,83.0,15,213
2025-07-06,SKU015,1519,36.0,10,128
2025-07-06,SKU016,378,131.0,15,284
2025-07-06,SKU017,53,40.0,5,64
2025-07-06,SKU018,24,9.0,9,22
2025-07-06,SKU019,61,38.0,3,45
2025-07-06,SKU020,64,28.0,9,48
2025-07-06,SKU021,49,12.0,12,35
2025-07-06,SKU022,700,299.0,12,449
2025-07-06,SKU023,583,338.0,20,442
2025-07-06,SKU024,112,23.0,21,53
2025-07-06,SKU025,1134,67.0,9,95
2025-07-06,SKU026,168,68.0,7,101
2025-07-06,SKU027,33,1.0,10,60
2025-07-06,SKU028,12,9.0,8,33
2025-07-06,SKU029,261,123.0,15,143
2025-07-06,SKU030,18,4.0,3,12
2025-07-06,SKU031,125,87.0,4,114
2025-07-06,SKU032,72,8.0,8,54
2025-07-06,SKU033,96,14.0,3,65
2025-07-06,SKU034,440,58.0,14,365
2025-07-06,SKU035,264,103.0,14,227
2025-07-06,SKU036,63,18.0,11,60
2025-07-06,SKU037,30,16.0,3,27
2025-07-06,SKU038,114,58.0,17,119
2025-07-06,SKU039,13,10.0,9,49
2025-07-06,SKU040,638,42.0,15,128
2025-07-06,SKU041,143,60.0,15,222
2025-07-06,SKU042,548,38.0,13,88
2025-07-06,SKU043,36,19.0,4,35
2025-07-06,SKU044,50,22.0,12,29
2025-07-06,SKU045,61,17.0,7,57
2025-07-06,SKU046,28,8.0,21,49
2025-07-06,SKU047,991,95.0,9,133
2025-07-06,SKU048,3405,78.0,16,413
2025-07-06,SKU049,109,31.0,10,64
2025-07-06,SKU050,121,53.0,6,81
2025-07-06,SKU051,1253,151.0,21,896
2025-07-06,SKU052,44,32.0,11,44
2025-07-06,SKU053,2783,14.0,13,443
2025-07-06,SKU054,941,45.0,6,54
2025-07-06,SKU055,937,69.0,6,57
2025-07-06,SKU056,341,118.0,17,237
2025-07-06,SKU057,68,48.0,11,61
2025-07-06,SKU058,2652,30.0,10,281
2025-07-06,SKU059,249,51.0,15,177
2025-07-06,SKU060,7,1.0,3,29
2025-07-06,SKU061,207,95.0,6,106
2025-07-06,SKU062,557,20.0,19,160
2025-07-06,SKU063,267,29.0,20,153
2025-07-06,SKU064,398,189.0,18,306
2025-07-06,SKU065,7,2.0,3,6
2025-07-06,SKU066,135,75.0,14,270
2025-07-06,SKU067,103,38.0,9,75
2025-07-06,SKU068,123,88.0,10,114
2025-07-06,SKU069,78,53.0,7,71
2025-07-06,SKU070,2712,187.0,3,91
2025-07-06,SKU071,277,55.0,16,297
2025-07-06,SKU072,332,95.0,14,234
2025-07-06,SKU073,405,203.0,21,374
2025-07-06,SKU074,1579,23.0,16,245
2025-07-06,SKU075,565,2.0,12,66
2025-07-06,SKU076,77,28.0,8,62
2025-07-06,SKU077,71,78.0,9,144
2025-07-06,SKU078,248,137.0,8,212
2025-07-06,SKU079,285,122.0,13,181
2025-07-06,SKU080,143,46.0,16,75
2025-07-06,SKU081,1310,22.0,15,245
2025-07-06,SKU082,102,14.0,17,62
2025-07-06,SKU083,206,62.0,12,154
2025-07-06,SKU084,205,52.0,13,119
2025-07-06,SKU085,246,158.0,6,283
2025-07-06,SKU086,231,93.0,9,123
2025-07-06,SKU087,47,16.0,8,40
2025-07-06,SKU088,20,20.0,9,39
2025-07-06,SKU089,34,98.0,17,193
2025-07-06,SKU090,389,65.0,16,244
2025-07-06,SKU091,31,10.0,4,39
2025-07-06,SKU092,45,24.0,3,25
2025-07-06,SKU093,84,44.0,5,67
2025-07-06,SKU094,1451,740.0,20,875
2025-07-06,SKU095,2197,491.0,16,1760
2025-07-06,SKU096,957,15.0,3,33
2025-07-06,SKU097,116,37.0,20,99
2025-07-06,SKU098,4020,184.0,9,496
2025-07-06,SKU099,87,42.0,6,84
2025-07-06,SKU100,137,30.0,4,138
2025-07-06,SKU101,42,43.0,18,100
2025-07-06,SKU102,682,14.0,15,180
2025-07-06,SKU103,107,11.0,4,64
2025-07-06,SKU104,734,53.0,18,164
2025-07-06,SKU105,81,45.0,9,74
2025-07-06,SKU106,55,117.0,14,215
2025-07-06,SKU107,275,5.0,18,87
2025-07-06,SKU108,94,42.0,13,57
2025-07-06,SKU109,95,22.0,8,65
2025-07-06,SKU110,14,4.0,5,25
2025-07-06,SKU111,563,348.0,13,498
2025-07-06,SKU112,83,29.0,10,57
2025-07-06,SKU113,138,39.0,15,147
2025-07-06,SKU114,118,207.0,13,537
2025-07-06,SKU115,103,44.0,13,63
2025-07-06,SKU116,582,163.0,14,380
2025-07-06,SKU117,123,39.0,11,80
2025-07-06,SKU118,351,24.0,20,111
2025-07-06,SKU119,31,39.0,14,129
2025-07-06,SKU120,104,17.0,8,63
2025-07-06,SKU121,379,50.0,20,190
2025-07-06,SKU122,300,105.0,21,333
2025-07-06,SKU123,27,19.0,3,25
2025-07-06,SKU124,715,44.0,9,97
2025-07-06,SKU125,68,29.0,18,114
2025-07-06,SKU126,631,295.0,20,424
2025-07-06,SKU127,54,60.0,10,245
2025-07-06,SKU128,291,78.0,13,224
2025-07-06,SKU129,288,45.0,20,221
2025-07-06,SKU130,139,74.0,4,110
2025-07-06,SKU131,110,1.0,21,33
2025-07-06,SKU132,144,73.0,9,96
2025-07-06,SKU133,192,41.0,13,148
2025-07-06,SKU134,59,26.0,19,50
2025-07-06,SKU135,134,,11,117
2025-07-06,SKU136,27,10.0,6,16
2025-07-06,SKU137,52,27.0,12,42
2025-07-06,SKU138,88,44.0,8,57
2025-07-06,SKU139,540,170.0,17,396
2025-07-06,SKU140,770,73.0,18,222
2025-07-06,SKU141,800,25.0,14,166
2025-07-06,SKU142,8,4.0,6,34
2025-07-06,SKU143,251,156.0,11,193
2025-07-06,SKU144,21,13.0,4,22
2025-07-06,SKU145,1125,119.0,14,630
2025-07-06,SKU146,57,18.0,7,40
2025-07-06,SKU147,51,10.0,19,240
2025-07-06,SKU148,223,87.0,20,185
2025-07-06,SKU149,756,129.0,21,428
2025-07-06,SKU150,51,80.0,19,130
2025-07-13,SKU001,27,11.0,7,16
2025-07-13,SKU002,462,172.0,16,279
2025-07-13,SKU003,709,21.0,8,82
2025-07-13,SKU004,141,18.0,14,112
2025-07-13,SKU005,150,27.0,6,78
2025-07-13,SKU006,233,85.0,10,192
2025-07-13,SKU007,167,49.0,19,117
2025-07-13,SKU008,545,233.0,17,339
2025-07-13,SKU009,185,84.0,8,129
2025-07-13,SKU010,268,24.0,6,31
2025-07-13,SKU011,291,11.0,8,35
2025-07-13,SKU012,102,25.0,5,88
2025-07-13,SKU013,45,21.0,8,38
2025-07-13,SKU014,249,41.0,13,172
2025-07-13,SKU015,124,54.0,15,230
2025-07-13,SKU016,94,13.0,13,231
2025-07-13,SKU017,258,129.0,15,168
2025-07-13,SKU018,33,1.0,20,55
2025-07-13,SKU019,1686,56.0,4,53
2025-07-13,SKU020,25,9.0,3,15
2025-07-13,SKU021,209,14.0,20,47
2025-07-13,SKU022,161,98.0,8,264
2025-07-13,SKU023,494,70.0,18,432
2025-07-13,SKU024,73,21.0,17,45
2025-07-13,SKU025,244,98.0,19,228
2025-07-13,SKU026,1303,29.0,20,309
2025-07-13,SKU027,179,52.0,16,123
2025-07-13,SKU028,12,17.0,11,32
2025-07-13,SKU029,200,58.0,11,137
2025-07-13,SKU030,91,31.0,16,59
2025-07-13,SKU031,2528,25.0,5,150
2025-07-13,SKU032,675,31.0,15,75
2025-07-13,SKU033,348,155.0,14,316
2025-07-13,SKU034,692,203.0,20,503
2025-07-13,SKU035,219,127.0,10,178
2025-07-13,SKU036,165,67.0,19,141
2025-07-13,SKU037,73,18.0,6,47
2025-07-13,SKU038,47,42.0,19,144
2025-07-13,SKU039,27,5.0,5,25
2025-07-13,SKU040,801,3.0,16,189
2025-07-13,SKU041,206,31.0,9,129
2025-07-13,SKU042,26,6.0,3,21
2025-07-13,SKU043,84,37.0,7,55
2025-07-13,SKU044,13,10.0,14,34
2025-07-13,SKU045,105,77.0,15,119
2025-07-13,SKU046,76,21.0,21,62
2025-07-13,SKU047,99,176.0,20,290
2025-07-13,SKU048,113,57.0,3,87
2025-07-13,SKU049,42,0.0,12,110
2025-07-13,SKU050,337,156.0,16,184
2025-07-13,SKU051,646,311.0,18,653
2025-07-13,SKU052,63,15.0,11,33
2025-07-13,SKU053,119,28.0,3,82
2025-07-13,SKU054,113,39.0,11,102
2025-07-13,SKU055,111,22.0,8,91
2025-07-13,SKU056,90,78.0,12,186
2025-07-13,SKU057,158,73.0,20,140
2025-07-13,SKU058,68,96.0,7,218
2025-07-13,SKU059,810,83.0,13,205
2025-07-13,SKU060,48,46.0,8,81
2025-07-13,SKU061,115,24.0,16,332
2025-07-13,SKU062,121,31.0,12,100
2025-07-13,SKU063,679,36.0,13,91
2025-07-13,SKU064,64,7.0,3,36
2025-07-13,SKU065,57,19.0,15,40
2025-07-13,SKU066,112,48.0,5,96
2025-07-13,SKU067,744,53.0,5,52
2025-07-13,SKU068,40,6.0,6,88
2025-07-13,SKU069,146,62.0,9,92
2025-07-13,SKU070,766,467.0,19,587
2025-07-13,SKU071,440,177.0,20,353
2025-07-13,SKU072,89,15.0,3,50
2025-07-13,SKU073,52,29.0,9,171
2025-07-13,SKU074,1154,45.0,14,205
2025-07-13,SKU075,33,11.0,3,21
2025-07-13,SKU076,197,91.0,20,115
2025-07-13,SKU077,274,78.0,21,337
2025-07-13,SKU078,90,41.0,3,74
2025-07-13,SKU079,286,52.0,18,211
2025-07-13,SKU080,10,2.0,4,19
2025-07-13,SKU081,69,27.0,9,159
2025-07-13,SKU082,90,24.0,14,66
2025-07-13,SKU083,172,69.0,13,211
2025-07-13,SKU084,178,61.0,14,145
2025-07-13,SKU085,302,104.0,7,299
2025-07-13,SKU086,303,147.0,15,259
2025-07-13,SKU087,121,78.0,20,95
2025-07-13,SKU088,91,19.0,18,54
2025-07-13,SKU089,30,33.0,7,64
2025-07-13,SKU090,155,68.0,6,85
2025-07-13,SKU091,46,26.0,4,33
2025-07-13,SKU092,25,15.0,5,43
2025-07-13,SKU093,1272,53.0,19,300
2025-07-13,SKU094,4133,73.0,13,633
2025-07-13,SKU095,657,276.0,4,419
2025-07-13,SKU096,103,44.0,10,103
2025-07-13,SKU097,42,8.0,8,40
2025-07-13,SKU098,404,124.0,21,788
2025-07-13,SKU099,15,1.0,3,48
2025-07-13,SKU100,548,202.0,11,334
2025-07-13,SKU101,121,42.0,16,126
2025-07-13,SKU102,1175,7.0,17,154
2025-07-13,SKU103,133,22.0,15,237
2025-07-13,SKU104,49,12.0,6,56
2025-07-13,SKU105,53,11.0,5,43
2025-07-13,SKU106,331,170.0,15,188
2025-07-13,SKU107,42,24.0,21,118
2025-07-13,SKU108,10,0.0,4,19
2025-07-13,SKU109,144,21.0,17,109
2025-07-13,SKU110,91,52.0,17,86
2025-07-13,SKU111,493,311.0,14,603
2025-07-13,SKU112,6,6.0,4,21
2025-07-13,SKU113,16,14.0,6,51
2025-07-13,SKU114,700,336.0,12,493
2025-07-13,SKU115,94,34.0,13,70
2025-07-13,SKU116,257,61.0,6,150
2025-07-13,SKU117,158,49.0,20,121
2025-07-13,SKU118,83,36.0,12,57
2025-07-13,SKU119,22,0.0,9,92
2025-07-13,SKU120,656,47.0,6,56
2025-07-13,SKU121,208,89.0,20,219
2025-07-13,SKU122,266,83.0,16,259
2025-07-13,SKU123,199,41.0,16,179
2025-07-13,SKU124,151,65.0,10,90
2025-07-13,SKU125,167,88.0,18,141
2025-07-13,SKU126,252,117.0,9,217
2025-07-13,SKU127,132,54.0,4,92
2025-07-13,SKU128,265,109.0,16,322
2025-07-13,SKU129,96,44.0,6,50
2025-07-13,SKU130,138,80.0,5,153
2025-07-13,SKU131,47,10.0,20,32
2025-07-13,SKU132,123,34.0,12,146
2025-07-13,SKU133,25,0.0,10,105
2025-07-13,SKU134,57,19.0,17,63
2025-07-13,SKU135,18,28.0,8,80
2025-07-13,SKU136,16,4.0,16,34
2025-07-13,SKU137,62,39.0,15,46
2025-07-13,SKU138,44,9.0,5,30
2025-07-13,SKU139,2278,62.0,11,294
2025-07-13,SKU140,140,42.0,13,136
2025-07-13,SKU141,275,54.0,19,211
2025-07-13,SKU142,65,14.0,9,52
2025-07-13,SKU143,380,228.0,21,452
2025-07-13,SKU144,89,48.0,20,81
2025-07-13,SKU145,958,385.0,12,619
2025-07-13,SKU146,202,93.0,18,104
2025-07-13,SKU147,195,89.0,17,194
2025-07-13,SKU148,47,38.0,5,49
2025-07-13,SKU149,522,84.0,18,405
2025-07-13,SKU150,134,51.0,18,121
2025-07-20,SKU001,195,6.0,7,17
2025-07-20,SKU002,84,27.0,3,58
2025-07-20,SKU003,180,68.0,17,166
2025-07-20,SKU004,96,20.0,7,59
2025-07-20,SKU005,952,74.0,10,134
2025-07-20,SKU006,114,145.0,16,262
2025-07-20,SKU007,35,43.0,21,148
2025-07-20,SKU008,647,241.0,20,401
2025-07-20,SKU009,55,145.0,17,202
2025-07-20,SKU010,17,7.0,4,19
2025-07-20,SKU011,58,21.0,9,37
2025-07-20,SKU012,322,91.0,13,182
2025-07-20,SKU013,181,76.0,20,123
2025-07-20,SKU014,29,2.0,8,104
2025-07-20,SKU015,349,154.0,18,284
2025-07-20,SKU016,251,106.0,11,177
2025-07-20,SKU017,54,13.0,4,49
2025-07-20,SKU018,40,14.0,11,28
2025-07-20,SKU019,360,252.0,19,299
2025-07-20,SKU020,4,9.0,3,15
2025-07-20,SKU021,24,11.0,11,26
2025-07-20,SKU022,182,200.0,19,695
2025-07-20,SKU023,217,35.0,6,112
2025-07-20,SKU024,242,14.0,8,27
2025-07-20,SKU025,69,13.0,4,48
2025-07-20,SKU026,1479,15.0,20,276
2025-07-20,SKU027,676,46.0,14,104
2025-07-20,SKU028,93,20.0,15,56
2025-07-20,SKU029,837,60.0,16,154
2025-07-20,SKU030,92,47.0,19,79
2025-07-20,SKU031,85,152.0,13,471
2025-07-20,SKU032,631,29.0,20,101
2025-07-20,SKU033,86,64.0,4,88
2025-07-20,SKU034,118,68.0,4,119
2025-07-20,SKU035,67,14.0,3,67
2025-07-20,SKU036,12,20.0,6,31
2025-07-20,SKU037,66,21.0,21,183
2025-07-20,SKU038,25,28.0,8,50
2025-07-20,SKU039,102,52.0,16,93
2025-07-20,SKU040,174,66.0,12,141
2025-07-20,SKU041,28,16.0,4,56
2025-07-20,SKU042,56,1.0,19,129
2025-07-20,SKU043,53,52.0,18,129
2025-07-20,SKU044,77,12.0,20,54
2025-07-20,SKU045,13,13.0,5,32
2025-07-20,SKU046,283,13.0,3,7
2025-07-20,SKU047,73,16.0,4,48
2025-07-20,SKU048,465,90.0,9,294
2025-07-20,SKU049,11,0.0,4,25
2025-07-20,SKU050,186,56.0,8,106
2025-07-20,SKU051,871,258.0,15,616
2025-07-20,SKU052,18,13.0,19,76
2025-07-20,SKU053,357,88.0,10,242
2025-07-20,SKU054,179,50.0,15,123
2025-07-20,SKU055,27,1.0,5,60
2025-07-20,SKU056,24,25.0,3,40
2025-07-20,SKU057,69,19.0,7,48
2025-07-20,SKU058,153,74.0,4,112
2025-07-20,SKU059,25,66.0,8,119
2025-07-20,SKU060,48,34.0,4,46
2025-07-20,SKU061,338,86.0,11,202
2025-07-20,SKU062,20,8.0,10,63
2025-07-20,SKU063,593,32.0,14,136
2025-07-20,SKU064,138,159.0,18,308
2025-07-20,SKU065,33,11.0,12,25
2025-07-20,SKU066,332,129.0,12,258
2025-07-20,SKU067,35,31.0,4,41
2025-07-20,SKU068,335,104.0,19,273
2025-07-20,SKU069,298,65.0,16,164
2025-07-20,SKU070,393,325.0,13,506
2025-07-20,SKU071,72,53.0,4,63
2025-07-20,SKU072,1156,52.0,16,285
2025-07-20,SKU073,169,75.0,6,90
2025-07-20,SKU074,311,129.0,15,263
2025-07-20,SKU075,28,8.0,14,108
2025-07-20,SKU076,23,5.0,6,35
2025-07-20,SKU077,1344,38.0,17,279
2025-07-20,SKU078,113,81.0,7,203
2025-07-20,SKU079,170,50.0,13,190
2025-07-20,SKU080,427,33.0,12,67
2025-07-20,SKU081,69,0.0,17,239
2025-07-20,SKU082,25,42.0,16,60
2025-07-20,SKU083,1515,83.0,17,226
2025-07-20,SKU084,58,21.0,16,155
2025-07-20,SKU085,423,238.0,21,915
2025-07-20,SKU086,170,36.0,8,131
2025-07-20,SKU087,179,35.0,21,143
2025-07-20,SKU088,27,27.0,14,62
2025-07-20,SKU089,136,87.0,15,136
2025-07-20,SKU090,382,123.0,15,213
2025-07-20,SKU091,29,48.0,10,90
2025-07-20,SKU092,66,12.0,19,217
2025-07-20,SKU093,139,63.0,6,78
2025-07-20,SKU094,267,267.0,18,999
2025-07-20,SKU095,7310,159.0,21,1655
2025-07-20,SKU096,93,67.0,17,183
2025-07-20,SKU097,72,10.0,10,45
2025-07-20,SKU098,1046,200.0,18,988
2025-07-20,SKU099,92,86.0,12,189
2025-07-20,SKU100,300,127.0,8,223
2025-07-20,SKU101,33,7.0,5,34
2025-07-20,SKU102,71,42.0,5,65
2025-07-20,SKU103,1002,49.0,13,209
2025-07-20,SKU104,193,90.0,13,125
2025-07-20,SKU105,233,118.0,21,134
2025-07-20,SKU106,31,40.0,5,66
2025-07-20,SKU107,104,16.0,13,66
2025-07-20,SKU108,19,10.0,7,31
2025-07-20,SKU109,48,13.0,4,23
2025-07-20,SKU110,134,46.0,18,115
2025-07-20,SKU111,917,407.0,20,780
2025-07-20,SKU112,113,21.0,12,76
2025-07-20,SKU113,146,38.0,11,100
2025-07-20,SKU114,174,132.0,20,665
2025-07-20,SKU115,506,24.0,12,53
2025-07-20,SKU116,40,105.0,7,172
2025-07-20,SKU117,28,10.0,3,21
2025-07-20,SKU118,9,1.0,3,17
2025-07-20,SKU119,38,39.0,8,69
2025-07-20,SKU120,286,54.0,20,220
2025-07-20,SKU121,26,37.0,6,78
2025-07-20,SKU122,383,61.0,18,235
2025-07-20,SKU123,39,21.0,3,33
2025-07-20,SKU124,274,108.0,19,224
2025-07-20,SKU125,91,17.0,15,88
2025-07-20,SKU126,57,44.0,13,256
2025-07-20,SKU127,623,190.0,14,394
2025-07-20,SKU128,83,16.0,3,64
2025-07-20,SKU129,148,52.0,12,134
2025-07-20,SKU130,517,244.0,15,440
2025-07-20,SKU131,30,8.0,20,33
2025-07-20,SKU132,64,28.0,4,51
2025-07-20,SKU133,751,11.0,9,100
2025-07-20,SKU134,29,5.0,6,21
2025-07-20,SKU135,86,87.0,17,171
2025-07-20,SKU136,7,13.0,9,20
2025-07-20,SKU137,71,13.0,18,74
2025-07-20,SKU138,199,67.0,18,134
2025-07-20,SKU139,484,232.0,16,382
2025-07-20,SKU140,46,0.0,14,177
2025-07-20,SKU141,314,81.0,20,244
2025-07-20,SKU142,67,50.0,10,58
2025-07-20,SKU143,1468,75.0,20,439
2025-07-20,SKU144,119,73.0,21,118
2025-07-20,SKU145,168,305.0,11,541
2025-07-20,SKU146,64,36.0,7,54
2025-07-20,SKU147,219,50.0,20,280
2025-07-20,SKU148,124,48.0,13,127
2025-07-20,SKU149,434,267.0,19,384
2025-07-20,SKU150,15,5.0,4,32
2025-07-27,SKU001,22,8.0,7,19
2025-07-27,SKU002,85,19.0,5,89
2025-07-27,SKU003,212,24.0,15,159
2025-07-27,SKU004,181,87.0,15,102
2025-07-27,SKU005,54,42.0,4,48
2025-07-27,SKU006,328,193.0,21,339
2025-07-27,SKU007,175,92.0,18,146
2025-07-27,SKU008,447,221.0,19,411
2025-07-27,SKU009,43,5.0,6,90
2025-07-27,SKU010,47,10.0,12,57
2025-07-27,SKU011,78,44.0,21,66
2025-07-27,SKU012,403,153.0,17,234
2025-07-27,SKU013,36,17.0,6,37
2025-07-27,SKU014,780,78.0,13,126
2025-07-27,SKU015,90,22.0,5,83
2025-07-27,SKU016,233,60.0,12,178
2025-07-27,SKU017,73,60.0,7,79
2025-07-27,SKU018,61,27.0,19,55
2025-07-27,SKU019,191,61.0,8,138
2025-07-27,SKU020,13,5.0,6,32
2025-07-27,SKU021,13,8.0,4,9
2025-07-27,SKU022,177,105.0,14,461
2025-07-27,SKU023,535,224.0,15,303
2025-07-27,SKU024,19,12.0,6,20
2025-07-27,SKU025,25,31.0,5,66
2025-07-27,SKU026,24,2.0,3,42
2025-07-27,SKU027,37,19.0,14,118
2025-07-27,SKU028,125,14.0,21,84
2025-07-27,SKU029,381,136.0,19,223
2025-07-27,SKU030,29,11.0,8,28
2025-07-27,SKU031,1104,123.0,21,579
2025-07-27,SKU032,43,27.0,6,39
2025-07-27,SKU033,652,245.0,19,353
2025-07-27,SKU034,48,95.0,6,171
2025-07-27,SKU035,123,18.0,16,280
2025-07-27,SKU036,11,9.0,5,28
2025-07-27,SKU037,158,46.0,14,99
2025-07-27,SKU038,28,26.0,19,123
2025-07-27,SKU039,14,8.0,8,35
2025-07-27,SKU040,88,36.0,5,59
2025-07-27,SKU041,117,196.0,19,280
2025-07-27,SKU042,86,31.0,10,65
2025-07-27,SKU043,168,91.0,15,107
2025-07-27,SKU044,11,12.0,9,25
2025-07-27,SKU045,56,23.0,7,45
2025-07-27,SKU046,21,5.0,6,13
2025-07-27,SKU047,63,11.0,4,53
2025-07-27,SKU048,156,298.0,20,530
2025-07-27,SKU049,492,1.0,17,108
2025-07-27,SKU050,206,120.0,12,184
2025-07-27,SKU051,490,162.0,11,373
2025-07-27,SKU052,123,42.0,21,89
2025-07-27,SKU053,281,127.0,21,495
2025-07-27,SKU054,158,29.0,15,113
2025-07-27,SKU055,215,96.0,12,134
2025-07-27,SKU056,63,32.0,10,142
2025-07-27,SKU057,102,38.0,15,80
2025-07-27,SKU058,263,125.0,20,650
2025-07-27,SKU059,254,84.0,12,185
2025-07-27,SKU060,1088,22.0,16,153
2025-07-27,SKU061,346,102.0,16,359
2025-07-27,SKU062,22,13.0,13,79
2025-07-27,SKU063,86,69.0,11,73
2025-07-27,SKU064,988,4.0,13,203
2025-07-27,SKU065,21,11.0,7,18
2025-07-27,SKU066,477,180.0,14,307
2025-07-27,SKU067,1023,44.0,3,35
2025-07-27,SKU068,396,180.0,18,280
2025-07-27,SKU069,228,106.0,21,208
2025-07-27,SKU070,319,144.0,8,239
2025-07-27,SKU071,1350,83.0,10,177
2025-07-27,SKU072,112,164.0,17,291
2025-07-27,SKU073,534,253.0,19,356
2025-07-27,SKU074,70,57.0,5,68
2025-07-27,SKU075,168,19.0,15,107
2025-07-27,SKU076,51,12.0,8,65
2025-07-27,SKU077,493,212.0,20,247
2025-07-27,SKU078,382,212.0,12,323
2025-07-27,SKU079,47,16.0,4,46
2025-07-27,SKU080,30,34.0,17,93
2025-07-27,SKU081,218,99.0,10,150
2025-07-27,SKU082,10,19.0,8,40
2025-07-27,SKU083,172,38.0,12,155
2025-07-27,SKU084,306,96.0,21,255
2025-07-27,SKU085,783,232.0,11,499
2025-07-27,SKU086,296,80.0,19,252
2025-07-27,SKU087,87,30.0,9,46
2025-07-27,SKU088,23,9.0,5,19
2025-07-27,SKU089,120,38.0,8,74
2025-07-27,SKU090,320,103.0,14,234
2025-07-27,SKU091,89,43.0,10,85
2025-07-27,SKU092,82,45.0,6,75
2025-07-27,SKU093,1297,17.0,6,79
2025-07-27,SKU094,447,11.0,18,722
2025-07-27,SKU095,539,128.0,11,883
2025-07-27,SKU096,98,31.0,7,65
2025-07-27,SKU097,489,14.0,10,50
2025-07-27,SKU098,1491,407.0,19,810
2025-07-27,SKU099,458,122.0,21,346
2025-07-27,SKU100,221,68.0,8,264
2025-07-27,SKU101,758,3.0,17,99
2025-07-27,SKU102,132,48.0,8,95
2025-07-27,SKU103,271,158.0,15,272
2025-07-27,SKU104,205,93.0,15,155
2025-07-27,SKU105,642,14.0,6,49
2025-07-27,SKU106,256,45.0,11,130
2025-07-27,SKU107,103,27.0,18,83
2025-07-27,SKU108,20,22.0,13,71
2025-07-27,SKU109,60,23.0,5,30
2025-07-27,SKU110,27,7.0,3,14
2025-07-27,SKU111,727,523.0,18,566
2025-07-27,SKU112,190,64.0,21,120
2025-07-27,SKU113,76,35.0,9,66
2025-07-27,SKU114,379,110.0,19,566
2025-07-27,SKU115,15,33.0,11,54
2025-07-27,SKU116,538,250.0,17,373
2025-07-27,SKU117,72,25.0,9,66
2025-07-27,SKU118,101,41.0,12,62
2025-07-27,SKU119,721,28.0,14,106
2025-07-27,SKU120,67,21.0,7,56
2025-07-27,SKU121,134,27.0,8,78
2025-07-27,SKU122,346,208.0,20,263
2025-07-27,SKU123,10,5.0,3,25
2025-07-27,SKU124,204,92.0,15,156
2025-07-27,SKU125,128,70.0,16,113
2025-07-27,SKU126,200,82.0,7,169
2025-07-27,SKU127,2868,71.0,4,106
2025-07-27,SKU128,1989,12.0,13,278
2025-07-27,SKU129,36,24.0,13,130
2025-07-27,SKU130,692,84.0,15,401
2025-07-27,SKU131,149,8.0,14,23
2025-07-27,SKU132,61,34.0,12,103
2025-07-27,SKU133,105,50.0,7,69
2025-07-27,SKU134,31,5.0,18,63
2025-07-27,SKU135,50,33.0,5,40
2025-07-27,SKU136,2,5.0,4,9
2025-07-27,SKU137,44,13.0,14,50
2025-07-27,SKU138,118,38.0,10,64
2025-07-27,SKU139,140,80.0,7,126
2025-07-27,SKU140,63,39.0,5,62
2025-07-27,SKU141,258,141.0,20,215
2025-07-27,SKU142,32,26.0,13,86
2025-07-27,SKU143,222,100.0,7,156
2025-07-27,SKU144,30,7.0,6,28
2025-07-27,SKU145,928,674.0,20,877
2025-07-27,SKU146,153,25.0,14,115
2025-07-27,SKU147,805,19.0,6,76
2025-07-27,SKU148,195,141.0,20,233
2025-07-27,SKU149,524,265.0,16,298
2025-07-27,SKU150,74,38.0,8,65
2025-08-03,SKU001,205,13.0,14,36
2025-08-03,SKU002,461,214.0,21,416
2025-08-03,SKU003,128,47.0,13,100
2025-08-03,SKU004,129,107.0,18,146
2025-08-03,SKU005,12,5.0,3,37
2025-08-03,SKU006,251,159.0,12,180
2025-08-03,SKU007,11,1.0,7,47
2025-08-03,SKU008,1225,30.0,21,459
2025-08-03,SKU009,325,74.0,15,187
2025-08-03,SKU010,37,15.0,6,25
2025-08-03,SKU011,64,10.0,12,37
2025-08-03,SKU012,131,20.0,5,62
2025-08-03,SKU013,126,28.0,18,82
2025-08-03,SKU014,811,45.0,16,214
2025-08-03,SKU015,298,100.0,21,352
2025-08-03,SKU016,70,27.0,3,54
2025-08-03,SKU017,264,89.0,17,206
2025-08-03,SKU018,41,7.0,10,30
2025-08-03,SKU019,342,152.0,15,244
2025-08-03,SKU020,569,34.0,15,65
2025-08-03,SKU021,160,6.0,16,48
2025-08-03,SKU022,673,350.0,17,486
2025-08-03,SKU023,2295,7.0,19,448
2025-08-03,SKU024,2,1.0,3,10
2025-08-03,SKU025,50,37.0,18,179
2025-08-03,SKU026,252,74.0,16,224
2025-08-03,SKU027,37,4.0,3,26
2025-08-03,SKU028,6,5.0,8,31
2025-08-03,SKU029,327,40.0,17,225
2025-08-03,SKU030,64,24.0,18,52
2025-08-03,SKU031,3391,20.0,19,494
2025-08-03,SKU032,6,6.0,3,20
2025-08-03,SKU033,142,86.0,7,147
2025-08-03,SKU034,581,82.0,13,361
2025-08-03,SKU035,333,64.0,11,229
2025-08-03,SKU036,27,10.0,3,16
2025-08-03,SKU037,280,68.0,19,189
2025-08-03,SKU038,636,2.0,5,26
2025-08-03,SKU039,130,58.0,14,65
2025-08-03,SKU040,297,34.0,17,177
2025-08-03,SKU041,359,56.0,17,328
2025-08-03,SKU042,139,59.0,13,90
2025-08-03,SKU043,24,9.0,3,30
2025-08-03,SKU044,68,10.0,18,51
2025-08-03,SKU045,46,27.0,5,34
2025-08-03,SKU046,10,8.0,18,43
2025-08-03,SKU047,1366,58.0,11,165
2025-08-03,SKU048,125,307.0,20,721
2025-08-03,SKU049,22,48.0,12,98
2025-08-03,SKU050,107,135.0,18,226
2025-08-03,SKU051,670,344.0,16,649
2025-08-03,SKU052,68,21.0,15,58
2025-08-03,SKU053,282,108.0,8,226
2025-08-03,SKU054,143,85.0,16,152
2025-08-03,SKU055,44,39.0,8,83
2025-08-03,SKU056,353,121.0,19,301
2025-08-03,SKU057,78,18.0,9,49
2025-08-03,SKU058,218,19.0,17,400
2025-08-03,SKU059,152,66.0,8,125
2025-08-03,SKU060,267,145.0,18,178
2025-08-03,SKU061,1884,74.0,9,185
2025-08-03,SKU062,148,53.0,15,98
2025-08-03,SKU063,153,119.0,20,173
2025-08-03,SKU064,99,38.0,4,59
2025-08-03,SKU065,40,24.0,13,34
2025-08-03,SKU066,67,73.0,8,203
2025-08-03,SKU067,110,26.0,8,70
2025-08-03,SKU068,345,139.0,16,234
2025-08-03,SKU069,151,75.0,9,121
2025-08-03,SKU070,548,359.0,15,441
2025-08-03,SKU071,516,172.0,18,355
2025-08-03,SKU072,25,40.0,4,59
2025-08-03,SKU073,101,42.0,5,98
2025-08-03,SKU074,223,132.0,17,239
2025-08-03,SKU075,93,29.0,10,59
2025-08-03,SKU076,34,10.0,9,60
2025-08-03,SKU077,162,98.0,12,180
2025-08-03,SKU078,148,158.0,13,294
2025-08-03,SKU079,60,23.0,11,159
2025-08-03,SKU080,189,22.0,21,94
2025-08-03,SKU081,359,124.0,21,391
2025-08-03,SKU082,399,23.0,10,47
2025-08-03,SKU083,20,9.0,3,52
2025-08-03,SKU084,136,23.0,8,84
2025-08-03,SKU085,986,674.0,20,802
2025-08-03,SKU086,1647,46.0,6,105
2025-08-03,SKU087,20,42.0,15,86
2025-08-03,SKU088,120,46.0,21,74
2025-08-03,SKU089,187,77.0,17,140
2025-08-03,SKU090,34,30.0,4,59
2025-08-03,SKU091,249,127.0,20,155
2025-08-03,SKU092,159,81.0,15,157
2025-08-03,SKU093,172,118.0,21,271
2025-08-03,SKU094,886,495.0,19,947
2025-08-03,SKU095,379,190.0,8,743
2025-08-03,SKU096,166,77.0,10,101
2025-08-03,SKU097,487,26.0,9,48
2025-08-03,SKU098,580,556.0,21,1006
2025-08-03,SKU099,294,49.0,13,224
2025-08-03,SKU100,109,111.0,11,378
2025-08-03,SKU101,151,26.0,15,99
2025-08-03,SKU102,213,83.0,11,134
2025-08-03,SKU103,394,163.0,15,247
2025-08-03,SKU104,172,27.0,16,117
2025-08-03,SKU105,160,23.0,16,141
2025-08-03,SKU106,134,66.0,9,152
2025-08-03,SKU107,18,4.0,3,14
2025-08-03,SKU108,375,14.0,21,91
2025-08-03,SKU109,90,23.0,13,105
2025-08-03,SKU110,4,8.0,4,22
2025-08-03,SKU111,49,88.0,4,128
2025-08-03,SKU112,179,81.0,20,106
2025-08-03,SKU113,79,45.0,7,60
2025-08-03,SKU114,249,36.0,12,399
2025-08-03,SKU115,17,19.0,6,37
2025-08-03,SKU116,628,242.0,19,443
2025-08-03,SKU117,21,8.0,3,18
2025-08-03,SKU118,58,48.0,12,63
2025-08-03,SKU119,601,54.0,18,169
2025-08-03,SKU120,74,48.0,18,188
2025-08-03,SKU121,315,137.0,20,215
2025-08-03,SKU122,84,53.0,5,67
2025-08-03,SKU123,44,9.0,3,34
2025-08-03,SKU124,31,23.0,3,33
2025-08-03,SKU125,30,15.0,12,77
2025-08-03,SKU126,1534,118.0,21,477
2025-08-03,SKU127,275,50.0,6,185
2025-08-03,SKU128,1885,3.0,12,198
2025-08-03,SKU129,130,22.0,8,82
2025-08-03,SKU130,2421,112.0,14,502
2025-08-03,SKU131,19,11.0,13,20
2025-08-03,SKU132,13,15.0,3,32
2025-08-03,SKU133,51,31.0,5,44
2025-08-03,SKU134,69,44.0,21,62
2025-08-03,SKU135,115,24.0,8,67
2025-08-03,SKU136,249,8.0,4,11
2025-08-03,SKU137,73,21.0,15,55
2025-08-03,SKU138,81,56.0,19,128
2025-08-03,SKU139,132,96.0,6,140
2025-08-03,SKU140,93,19.0,5,52
2025-08-03,SKU141,278,44.0,17,190
2025-08-03,SKU142,90,63.0,13,85
2025-08-03,SKU143,169,143.0,16,246
2025-08-03,SKU144,53,7.0,8,38
2025-08-03,SKU145,1280,358.0,20,827
2025-08-03,SKU146,46,32.0,6,45
2025-08-03,SKU147,161,27.0,12,141
2025-08-03,SKU148,209,85.0,15,184
2025-08-03,SKU149,1568,119.0,21,356
2025-08-03,SKU150,93,41.0,8,58
2025-08-10,SKU001,20,6.0,5,12
2025-08-10,SKU002,182,31.0,7,150
2025-08-10,SKU003,74,33.0,8,67
2025-08-10,SKU004,811,48.0,21,188
2025-08-10,SKU005,343,61.0,17,230
2025-08-10,SKU006,38,62.0,8,156
2025-08-10,SKU007,46,16.0,7,41
2025-08-10,SKU008,176,185.0,17,325
2025-08-10,SKU009,24,27.0,3,34
2025-08-10,SKU010,75,57.0,17,87
2025-08-10,SKU011,22,5.0,10,34
2025-08-10,SKU012,106,49.0,5,65
2025-08-10,SKU013,58,37.0,9,53
2025-08-10,SKU014,347,68.0,21,292
2025-08-10,SKU015,251,53.0,12,216
2025-08-10,SKU016,205,52.0,14,194
2025-08-10,SKU017,148,71.0,11,127
2025-08-10,SKU018,18,11.0,6,16
2025-08-10,SKU019,261,179.0,17,277
2025-08-10,SKU020,439,33.0,13,56
2025-08-10,SKU021,23,7.0,6,13
2025-08-10,SKU022,2264,11.0,19,578
2025-08-10,SKU023,1981,12.0,10,261
2025-08-10,SKU024,18,7.0,15,56
2025-08-10,SKU025,63,17.0,14,161
2025-08-10,SKU026,203,111.0,12,184
2025-08-10,SKU027,27,36.0,10,64
2025-08-10,SKU028,10,15.0,8,34
2025-08-10,SKU029,263,108.0,17,183
2025-08-10,SKU030,325,10.0,12,45
2025-08-10,SKU031,207,88.0,15,422
2025-08-10,SKU032,46,44.0,14,90
2025-08-10,SKU033,1738,98.0,5,98
2025-08-10,SKU034,1972,146.0,14,306
2025-08-10,SKU035,141,26.0,6,108
2025-08-10,SKU036,145,75.0,16,82
2025-08-10,SKU037,276,109.0,21,163
2025-08-10,SKU038,131,18.0,16,99
2025-08-10,SKU039,46,23.0,6,27
2025-08-10,SKU040,262,61.0,19,231
2025-08-10,SKU041,1758,29.0,6,84
2025-08-10,SKU042,159,78.0,19,115
2025-08-10,SKU043,92,45.0,7,68
2025-08-10,SKU044,28,15.0,19,55
2025-08-10,SKU045,98,20.0,12,99
2025-08-10,SKU046,19,3.0,6,17
2025-08-10,SKU047,144,93.0,9,145
2025-08-10,SKU048,48,21.0,3,78
2025-08-10,SKU049,802,26.0,7,46
2025-08-10,SKU050,98,41.0,4,67
2025-08-10,SKU051,51,23.0,3,109
2025-08-10,SKU052,9,11.0,6,20
2025-08-10,SKU053,184,66.0,6,205
2025-08-10,SKU054,246,73.0,18,148
2025-08-10,SKU055,101,53.0,7,61
2025-08-10,SKU056,38,62.0,7,103
2025-08-10,SKU057,64,18.0,10,54
2025-08-10,SKU058,2808,176.0,12,315
2025-08-10,SKU059,391,154.0,17,182
2025-08-10,SKU060,86,21.0,18,201
2025-08-10,SKU061,528,146.0,15,297
2025-08-10,SKU062,106,74.0,16,105
2025-08-10,SKU063,108,23.0,15,146
2025-08-10,SKU064,93,67.0,12,199
2025-08-10,SKU065,215,13.0,8,20
2025-08-10,SKU066,524,212.0,16,361
2025-08-10,SKU067,688,65.0,10,93
2025-08-10,SKU068,96,8.0,20,211
2025-08-10,SKU069,113,56.0,9,96
2025-08-10,SKU070,123,63.0,11,361
2025-08-10,SKU071,368,,17,292
2025-08-10,SKU072,448,189.0,20,353
2025-08-10,SKU073,1630,98.0,5,68
2025-08-10,SKU074,140,40.0,6,105
2025-08-10,SKU075,108,59.0,18,114
2025-08-10,SKU076,164,55.0,14,106
2025-08-10,SKU077,1457,9.0,10,152
2025-08-10,SKU078,871,223.0,19,497
2025-08-10,SKU079,82,50.0,13,195
2025-08-10,SKU080,124,72.0,21,104
2025-08-10,SKU081,78,52.0,5,91
2025-08-10,SKU082,89,31.0,15,70
2025-08-10,SKU083,509,121.0,20,244
2025-08-10,SKU084,51,26.0,4,35
2025-08-10,SKU085,3483,224.0,3,125
2025-08-10,SKU086,259,79.0,13,176
2025-08-10,SKU087,15,7.0,5,34
2025-08-10,SKU088,77,26.0,18,58
2025-08-10,SKU089,612,65.0,20,237
2025-08-10,SKU090,402,180.0,17,278
2025-08-10,SKU091,279,116.0,20,194
2025-08-10,SKU092,830,5.0,15,126
2025-08-10,SKU093,234,184.0,18,218
2025-08-10,SKU094,587,198.0,9,373
2025-08-10,SKU095,1393,749.0,16,1713
2025-08-10,SKU096,74,24.0,5,53
2025-08-10,SKU097,18,10.0,4,15
2025-08-10,SKU098,903,513.0,20,1015
2025-08-10,SKU099,981,84.0,5,75
2025-08-10,SKU100,47,42.0,6,205
2025-08-10,SKU101,156,57.0,20,141
2025-08-10,SKU102,266,55.0,18,168
2025-08-10,SKU103,80,49.0,5,78
2025-08-10,SKU104,863,43.0,21,156
2025-08-10,SKU105,47,10.0,4,24
2025-08-10,SKU106,297,98.0,15,226
2025-08-10,SKU107,76,39.0,14,59
2025-08-10,SKU108,378,0.0,9,41
2025-08-10,SKU109,226,114.0,21,140
2025-08-10,SKU110,76,15.0,11,56
2025-08-10,SKU111,664,332.0,15,661
2025-08-10,SKU112,35,18.0,5,23
2025-08-10,SKU113,196,86.0,15,123
2025-08-10,SKU114,739,334.0,20,763
2025-08-10,SKU115,71,29.0,11,61
2025-08-10,SKU116,666,345.0,20,515
2025-08-10,SKU117,68,24.0,6,47
2025-08-10,SKU118,29,10.0,4,22
2025-08-10,SKU119,227,78.0,17,178
2025-08-10,SKU120,104,18.0,9,72
2025-08-10,SKU121,182,78.0,17,203
2025-08-10,SKU122,251,48.0,15,212
2025-08-10,SKU123,323,51.0,19,173
2025-08-10,SKU124,36,55.0,9,80
2025-08-10,SKU125,11,14.0,5,28
2025-08-10,SKU126,311,148.0,11,213
2025-08-10,SKU127,735,241.0,18,528
2025-08-10,SKU128,232,51.0,11,173
2025-08-10,SKU129,65,48.0,6,61
2025-08-10,SKU130,389,81.0,9,244
2025-08-10,SKU131,5,1.0,7,11
2025-08-10,SKU132,13,28.0,6,54
2025-08-10,SKU133,56,11.0,6,49
2025-08-10,SKU134,249,0.0,10,27
2025-08-10,SKU135,166,67.0,17,160
2025-08-10,SKU136,38,5.0,11,30
2025-08-10,SKU137,40,6.0,7,19
2025-08-10,SKU138,746,13.0,10,76
2025-08-10,SKU139,188,80.0,17,330
2025-08-10,SKU140,112,46.0,8,75
2025-08-10,SKU141,329,152.0,18,199
2025-08-10,SKU142,114,39.0,16,118
2025-08-10,SKU143,495,174.0,20,338
2025-08-10,SKU144,95,41.0,14,68
2025-08-10,SKU145,3229,,9,431
2025-08-10,SKU146,45,34.0,13,93
2025-08-10,SKU147,47,64.0,10,131
2025-08-10,SKU148,1089,40.0,3,35
2025-08-10,SKU149,513,262.0,20,342
2025-08-10,SKU150,111,22.0,12,85
2025-08-17,SKU001,71,20.0,21,63
2025-08-17,SKU002,1525,63.0,14,245
2025-08-17,SKU003,540,19.0,15,157
2025-08-17,SKU004,139,34.0,11,84
2025-08-17,SKU005,454,109.0,19,226
2025-08-17,SKU006,152,42.0,17,337
2025-08-17,SKU007,83,19.0,7,43
2025-08-17,SKU008,275,62.0,10,217
2025-08-17,SKU009,89,31.0,5,59
2025-08-17,SKU010,63,17.0,14,68
2025-08-17,SKU011,358,9.0,4,18
2025-08-17,SKU012,70,25.0,4,72
2025-08-17,SKU013,183,73.0,19,117
2025-08-17,SKU014,206,38.0,12,139
2025-08-17,SKU015,215,89.0,10,129
2025-08-17,SKU016,160,30.0,7,134
2025-08-17,SKU017,112,42.0,11,126
2025-08-17,SKU018,64,8.0,19,57
2025-08-17,SKU019,249,125.0,10,172
2025-08-17,SKU020,28,27.0,12,74
2025-08-17,SKU021,44,28.0,14,40
2025-08-17,SKU022,911,376.0,18,655
2025-08-17,SKU023,236,75.0,10,200
2025-08-17,SKU024,54,23.0,14,43
2025-08-17,SKU025,154,38.0,12,133
2025-08-17,SKU026,280,108.0,12,165
2025-08-17,SKU027,129,43.0,13,93
2025-08-17,SKU028,51,14.0,15,49
2025-08-17,SKU029,85,120.0,17,230
2025-08-17,SKU030,22,17.0,17,61
2025-08-17,SKU031,3246,125.0,9,245
2025-08-17,SKU032,57,47.0,16,84
2025-08-17,SKU033,480,208.0,15,371
2025-08-17,SKU034,81,50.0,3,75
2025-08-17,SKU035,72,47.0,4,74
2025-08-17,SKU036,55,28.0,7,45
2025-08-17,SKU037,164,45.0,18,166
2025-08-17,SKU038,78,55.0,11,78
2025-08-17,SKU039,103,35.0,17,103
2025-08-17,SKU040,293,105.0,18,204
2025-08-17,SKU041,124,28.0,8,139
2025-08-17,SKU042,75,24.0,6,52
2025-08-17,SKU043,972,18.0,16,162
2025-08-17,SKU044,44,17.0,16,42
2025-08-17,SKU045,208,56.0,20,153
2025-08-17,SKU046,92,34.0,21,64
2025-08-17,SKU047,268,176.0,17,225
2025-08-17,SKU048,175,102.0,11,293
2025-08-17,SKU049,203,86.0,18,113
2025-08-17,SKU050,56,29.0,4,65
2025-08-17,SKU051,520,313.0,15,491
2025-08-17,SKU052,375,23.0,15,49
2025-08-17,SKU053,69,151.0,10,335
2025-08-17,SKU054,159,82.0,15,144
2025-08-17,SKU055,233,103.0,19,197
2025-08-17,SKU056,320,50.0,13,177
2025-08-17,SKU057,78,26.0,10,55
2025-08-17,SKU058,149,61.0,12,317
2025-08-17,SKU059,1174,31.0,10,129
2025-08-17,SKU060,30,3.0,11,135
2025-08-17,SKU061,516,157.0,19,358
2025-08-17,SKU062,136,64.0,19,158
2025-08-17,SKU063,134,28.0,14,115
2025-08-17,SKU064,286,113.0,12,189
2025-08-17,SKU065,41,12.0,11,31
2025-08-17,SKU066,244,59.0,11,207
2025-08-17,SKU067,160,79.0,10,102
2025-08-17,SKU068,411,103.0,21,240
2025-08-17,SKU069,97,22.0,8,94
2025-08-17,SKU070,484,389.0,16,481
2025-08-17,SKU071,75,89.0,12,202
2025-08-17,SKU072,1088,72.0,10,207
2025-08-17,SKU073,1824,7.0,15,283
2025-08-17,SKU074,211,39.0,16,272
2025-08-17,SKU075,200,45.0,18,137
2025-08-17,SKU076,118,59.0,18,146
2025-08-17,SKU077,88,11.0,4,55
2025-08-17,SKU078,578,166.0,15,343
2025-08-17,SKU079,74,36.0,4,55
2025-08-17,SKU080,43,33.0,9,40
2025-08-17,SKU081,46,112.0,14,239
2025-08-17,SKU082,29,37.0,19,87
2025-08-17,SKU083,1365,40.0,13,166
2025-08-17,SKU084,124,39.0,12,149
2025-08-17,SKU085,4052,192.0,6,235
2025-08-17,SKU086,292,171.0,16,276
2025-08-17,SKU087,12,1.0,4,24
2025-08-17,SKU088,21,43.0,19,72
2025-08-17,SKU089,74,38.0,14,121
2025-08-17,SKU090,52,12.0,3,52
2025-08-17,SKU091,233,95.0,16,159
2025-08-17,SKU092,41,33.0,10,92
2025-08-17,SKU093,284,80.0,13,211
2025-08-17,SKU094,1188,255.0,16,869
2025-08-17,SKU095,576,460.0,6,518
2025-08-17,SKU096,153,72.0,10,117
2025-08-17,SKU097,144,32.0,20,97
2025-08-17,SKU098,4226,216.0,17,840
2025-08-17,SKU099,252,46.0,15,231
2025-08-17,SKU100,1958,148.0,11,396
2025-08-17,SKU101,561,7.0,20,136
2025-08-17,SKU102,18,15.0,3,35
2025-08-17,SKU103,208,145.0,12,209
2025-08-17,SKU104,132,56.0,9,71
2025-08-17,SKU105,48,9.0,5,38
2025-08-17,SKU106,1353,88.0,7,94
2025-08-17,SKU107,452,17.0,7,31
2025-08-17,SKU108,34,16.0,5,23
2025-08-17,SKU109,147,32.0,17,117
2025-08-17,SKU110,112,,13,57
2025-08-17,SKU111,768,173.0,13,448
2025-08-17,SKU112,35,9.0,16,73
2025-08-17,SKU113,164,70.0,15,128
2025-08-17,SKU114,286,102.0,6,244
2025-08-17,SKU115,580,0.0,17,84
2025-08-17,SKU116,1791,115.0,5,145
2025-08-17,SKU117,146,35.0,18,142
2025-08-17,SKU118,14,11.0,7,45
2025-08-17,SKU119,44,9.0,3,30
2025-08-17,SKU120,38,13.0,13,104
2025-08-17,SKU121,773,45.0,12,138
2025-08-17,SKU122,1502,42.0,7,94
2025-08-17,SKU123,200,29.0,17,204
2025-08-17,SKU124,137,17.0,8,73
2025-08-17,SKU125,727,1.0,18,124
2025-08-17,SKU126,67,19.0,3,55
2025-08-17,SKU127,2869,74.0,14,371
2025-08-17,SKU128,147,34.0,5,110
2025-08-17,SKU129,226,31.0,14,165
2025-08-17,SKU130,412,108.0,15,393
2025-08-17,SKU131,124,6.0,7,8
2025-08-17,SKU132,59,39.0,17,212
2025-08-17,SKU133,213,70.0,14,119
2025-08-17,SKU134,15,6.0,3,8
2025-08-17,SKU135,81,20.0,18,171
2025-08-17,SKU136,14,3.0,11,30
2025-08-17,SKU137,89,11.0,19,55
2025-08-17,SKU138,32,19.0,16,139
2025-08-17,SKU139,92,103.0,16,302
2025-08-17,SKU140,100,33.0,9,96
2025-08-17,SKU141,934,40.0,8,99
2025-08-17,SKU142,68,44.0,11,78
2025-08-17,SKU143,73,26.0,4,77
2025-08-17,SKU144,362,21.0,15,69
2025-08-17,SKU145,3866,165.0,17,726
2025-08-17,SKU146,171,68.0,14,79
2025-08-17,SKU147,49,15.0,3,34
2025-08-17,SKU148,69,22.0,5,48
2025-08-17,SKU149,1886,65.0,15,262
2025-08-17,SKU150,163,19.0,15,104
2025-08-24,SKU001,42,7.0,11,34
2025-08-24,SKU002,282,49.0,14,301
2025-08-24,SKU003,63,42.0,7,67
2025-08-24,SKU004,53,58.0,17,158
2025-08-24,SKU005,388,75.0,18,229
2025-08-24,SKU006,202,38.0,7,121
2025-08-24,SKU007,114,59.0,11,68
2025-08-24,SKU008,183,102.0,7,132
2025-08-24,SKU009,1098,58.0,10,153
2025-08-24,SKU010,26,12.0,6,24
2025-08-24,SKU011,32,21.0,7,32
2025-08-24,SKU012,1600,51.0,3,49
2025-08-24,SKU013,98,18.0,15,102
2025-08-24,SKU014,51,12.0,3,37
2025-08-24,SKU015,411,219.0,19,353
2025-08-24,SKU016,111,44.0,4,64
2025-08-24,SKU017,45,21.0,4,41
2025-08-24,SKU018,65,20.0,20,63
2025-08-24,SKU019,86,96.0,15,215
2025-08-24,SKU020,380,7.0,10,59
2025-08-24,SKU021,56,16.0,16,34
2025-08-24,SKU022,237,41.0,5,164
2025-08-24,SKU023,62,27.0,6,138
2025-08-24,SKU024,43,16.0,9,31
2025-08-24,SKU025,101,70.0,10,106
2025-08-24,SKU026,37,91.0,12,201
2025-08-24,SKU027,50,18.0,7,52
2025-08-24,SKU028,284,23.0,14,46
2025-08-24,SKU029,257,97.0,19,223
2025-08-24,SKU030,35,25.0,17,52
2025-08-24,SKU031,463,333.0,16,596
2025-08-24,SKU032,113,22.0,11,61
2025-08-24,SKU033,84,50.0,3,69
2025-08-24,SKU034,408,114.0,12,310
2025-08-24,SKU035,503,72.0,20,326
2025-08-24,SKU036,28,3.0,13,84
2025-08-24,SKU037,44,30.0,5,35
2025-08-24,SKU038,57,13.0,7,49
2025-08-24,SKU039,149,69.0,20,110
2025-08-24,SKU040,992,8.0,13,110
2025-08-24,SKU041,471,103.0,19,299
2025-08-24,SKU042,829,49.0,13,99
2025-08-24,SKU043,12,8.0,3,25
2025-08-24,SKU044,279,5.0,20,58
2025-08-24,SKU045,51,43.0,15,100
2025-08-24,SKU046,53,28.0,17,37
2025-08-24,SKU047,145,78.0,9,132
2025-08-24,SKU048,242,49.0,7,225
2025-08-24,SKU049,37,27.0,5,43
2025-08-24,SKU050,1059,71.0,8,126
2025-08-24,SKU051,3001,206.0,12,394
2025-08-24,SKU052,71,8.0,12,35
2025-08-24,SKU053,2626,125.0,4,108
2025-08-24,SKU054,78,51.0,16,134
2025-08-24,SKU055,198,48.0,20,206
2025-08-24,SKU056,84,37.0,4,66
2025-08-24,SKU057,698,35.0,8,51
2025-08-24,SKU058,657,175.0,17,542
2025-08-24,SKU059,253,83.0,18,286
2025-08-24,SKU060,1292,22.0,5,67
2025-08-24,SKU061,340,113.0,14,239
2025-08-24,SKU062,40,14.0,5,40
2025-08-24,SKU063,612,1.0,19,182
2025-08-24,SKU064,306,43.0,12,177
2025-08-24,SKU065,78,27.0,20,53
2025-08-24,SKU066,564,166.0,20,416
2025-08-24,SKU067,75,16.0,6,63
2025-08-24,SKU068,21,19.0,3,43
2025-08-24,SKU069,211,46.0,13,158
2025-08-24,SKU070,473,351.0,13,412
2025-08-24,SKU071,222,60.0,8,153
2025-08-24,SKU072,121,53.0,14,200
2025-08-24,SKU073,1110,20.0,13,187
2025-08-24,SKU074,1087,49.0,3,40
2025-08-24,SKU075,151,43.0,15,102
2025-08-24,SKU076,33,29.0,8,55
2025-08-24,SKU077,248,96.0,11,172
2025-08-24,SKU078,260,89.0,8,237
2025-08-24,SKU079,268,44.0,16,226
2025-08-24,SKU080,107,31.0,18,97
2025-08-24,SKU081,21,5.0,3,47
2025-08-24,SKU082,32,7.0,5,23
2025-08-24,SKU083,104,75.0,12,170
2025-08-24,SKU084,660,54.0,15,161
2025-08-24,SKU085,677,283.0,10,361
2025-08-24,SKU086,43,56.0,10,138
2025-08-24,SKU087,130,33.0,16,97
2025-08-24,SKU088,53,29.0,10,33
2025-08-24,SKU089,72,42.0,7,81
2025-08-24,SKU090,122,78.0,8,117
2025-08-24,SKU091,76,11.0,19,146
2025-08-24,SKU092,73,18.0,6,66
2025-08-24,SKU093,1225,92.0,12,154
2025-08-24,SKU094,342,429.0,19,1010
2025-08-24,SKU095,739,324.0,8,697
2025-08-24,SKU096,947,19.0,3,29
2025-08-24,SKU097,76,26.0,17,90
2025-08-24,SKU098,323,194.0,7,325
2025-08-24,SKU099,220,44.0,13,195
2025-08-24,SKU100,685,225.0,13,437
2025-08-24,SKU101,667,43.0,20,152
2025-08-24,SKU102,187,71.0,10,107
2025-08-24,SKU103,1599,,12,168
2025-08-24,SKU104,815,21.0,8,79
2025-08-24,SKU105,270,55.0,21,160
2025-08-24,SKU106,385,158.0,16,212
2025-08-24,SKU107,20,20.0,11,50
2025-08-24,SKU108,17,12.0,11,51
2025-08-24,SKU109,169,69.0,14,77
2025-08-24,SKU110,148,29.0,17,80
2025-08-24,SKU111,704,178.0,14,553
2025-08-24,SKU112,523,26.0,11,68
2025-08-24,SKU113,147,108.0,19,170
2025-08-24,SKU114,69,82.0,6,228
2025-08-24,SKU115,45,30.0,8,36
2025-08-24,SKU116,793,256.0,19,425
2025-08-24,SKU117,63,21.0,8,62
2025-08-24,SKU118,123,63.0,15,80
2025-08-24,SKU119,97,63.0,10,79
2025-08-24,SKU120,73,49.0,7,52
2025-08-24,SKU121,31,22.0,3,30
2025-08-24,SKU122,60,25.0,3,47
2025-08-24,SKU123,104,45.0,8,64
2025-08-24,SKU124,241,96.0,15,169
2025-08-24,SKU125,44,38.0,18,113
2025-08-24,SKU126,191,63.0,9,156
2025-08-24,SKU127,168,181.0,17,482
2025-08-24,SKU128,161,48.0,5,96
2025-08-24,SKU129,284,140.0,20,208
2025-08-24,SKU130,601,291.0,18,514
2025-08-24,SKU131,26,12.0,14,21
2025-08-24,SKU132,260,83.0,16,186
2025-08-24,SKU133,571,61.0,10,88
2025-08-24,SKU134,11,4.0,3,10
2025-08-24,SKU135,214,90.0,15,150
2025-08-24,SKU136,64,22.0,20,53
2025-08-24,SKU137,25,9.0,6,18
2025-08-24,SKU138,272,108.0,21,124
2025-08-24,SKU139,764,323.0,20,463
2025-08-24,SKU140,145,72.0,13,122
2025-08-24,SKU141,637,21.0,21,254
2025-08-24,SKU142,32,12.0,18,123
2025-08-24,SKU143,479,145.0,19,330
2025-08-24,SKU144,38,41.0,20,97
2025-08-24,SKU145,2827,117.0,12,662
2025-08-24,SKU146,79,56.0,12,69
2025-08-24,SKU147,212,30.0,13,181
2025-08-24,SKU148,112,73.0,9,89
2025-08-24,SKU149,2001,27.0,16,282
2025-08-24,SKU150,612,44.0,5,34
2025-08-31,SKU001,8,3.0,5,15
2025-08-31,SKU002,141,169.0,18,314
2025-08-31,SKU003,51,8.0,4,39
2025-08-31,SKU004,161,69.0,21,164
2025-08-31,SKU005,278,178.0,18,234
2025-08-31,SKU006,171,63.0,11,192
2025-08-31,SKU007,746,2.0,17,117
2025-08-31,SKU008,94,24.0,3,52
2025-08-31,SKU009,55,70.0,9,134
2025-08-31,SKU010,9,20.0,8,40
2025-08-31,SKU011,285,0.0,17,72
2025-08-31,SKU012,960,28.0,8,128
2025-08-31,SKU013,100,65.0,15,72
2025-08-31,SKU014,59,36.0,4,50
2025-08-31,SKU015,1285,89.0,13,225
2025-08-31,SKU016,364,188.0,20,345
2025-08-31,SKU017,77,47.0,7,68
2025-08-31,SKU018,201,19.0,5,13
2025-08-31,SKU019,72,63.0,12,204
2025-08-31,SKU020,107,60.0,16,71
2025-08-31,SKU021,3,5.0,4,8
2025-08-31,SKU022,2702,151.0,14,454
2025-08-31,SKU023,391,182.0,12,281
2025-08-31,SKU024,263,4.0,5,17
2025-08-31,SKU025,129,30.0,7,92
2025-08-31,SKU026,242,151.0,16,274
2025-08-31,SKU027,16,19.0,10,62
2025-08-31,SKU028,61,26.0,10,33
2025-08-31,SKU029,17,10.0,3,29
2025-08-31,SKU030,25,21.0,12,36
2025-08-31,SKU031,142,89.0,10,292
2025-08-31,SKU032,76,23.0,9,50
2025-08-31,SKU033,225,198.0,12,269
2025-08-31,SKU034,159,26.0,5,128
2025-08-31,SKU035,514,152.0,18,427
2025-08-31,SKU036,94,28.0,10,60
2025-08-31,SKU037,39,4.0,3,26
2025-08-31,SKU038,96,47.0,12,82
2025-08-31,SKU039,150,27.0,19,90
2025-08-31,SKU040,829,35.0,8,84
2025-08-31,SKU041,1413,84.0,11,173
2025-08-31,SKU042,222,40.0,21,166
2025-08-31,SKU043,182,74.0,21,183
2025-08-31,SKU044,12,3.0,4,11
2025-08-31,SKU045,58,22.0,9,57
2025-08-31,SKU046,59,7.0,15,42
2025-08-31,SKU047,166,48.0,8,116
2025-08-31,SKU048,243,17.0,20,537
2025-08-31,SKU049,131,68.0,13,119
2025-08-31,SKU050,170,80.0,13,198
2025-08-31,SKU051,418,57.0,7,272
2025-08-31,SKU052,29,22.0,8,28
2025-08-31,SKU053,412,94.0,9,304
2025-08-31,SKU054,130,18.0,10,90
2025-08-31,SKU055,158,90.0,12,119
2025-08-31,SKU056,436,175.0,20,300
2025-08-31,SKU057,431,8.0,17,110
2025-08-31,SKU058,41,11.0,3,79
2025-08-31,SKU059,136,97.0,17,201
2025-08-31,SKU060,348,132.0,18,225
2025-08-31,SKU061,1847,37.0,3,59
2025-08-31,SKU062,187,75.0,21,140
2025-08-31,SKU063,542,49.0,17,118
2025-08-31,SKU064,80,34.0,4,51
2025-08-31,SKU065,31,4.0,9,21
2025-08-31,SKU066,148,118.0,18,339
2025-08-31,SKU067,16,37.0,8,83
2025-08-31,SKU068,297,75.0,14,183
2025-08-31,SKU069,73,129.0,20,226
2025-08-31,SKU070,120,152.0,10,339
2025-08-31,SKU071,257,198.0,14,267
2025-08-31,SKU072,64,56.0,11,200
2025-08-31,SKU073,267,236.0,18,299
2025-08-31,SKU074,254,84.0,11,183
2025-08-31,SKU075,60,8.0,17,130
2025-08-31,SKU076,33,19.0,4,25
2025-08-31,SKU077,137,40.0,6,80
2025-08-31,SKU078,348,75.0,11,361
2025-08-31,SKU079,101,68.0,18,260
2025-08-31,SKU080,97,33.0,16,101
2025-08-31,SKU081,130,69.0,8,139
2025-08-31,SKU082,33,25.0,8,34
2025-08-31,SKU083,122,101.0,21,338
2025-08-31,SKU084,177,46.0,17,168
2025-08-31,SKU085,136,49.0,10,388
2025-08-31,SKU086,106,70.0,6,75
2025-08-31,SKU087,20,11.0,3,19
2025-08-31,SKU088,323,4.0,18,66
2025-08-31,SKU089,211,110.0,16,178
2025-08-31,SKU090,62,35.0,7,115
2025-08-31,SKU091,185,84.0,17,146
2025-08-31,SKU092,989,66.0,6,57
2025-08-31,SKU093,13,24.0,4,54
2025-08-31,SKU094,477,203.0,7,366
2025-08-31,SKU095,2319,358.0,14,1278
2025-08-31,SKU096,184,101.0,20,173
2025-08-31,SKU097,26,13.0,15,75
2025-08-31,SKU098,4408,97.0,9,490
2025-08-31,SKU099,31,31.0,4,54
2025-08-31,SKU100,672,242.0,14,347
2025-08-31,SKU101,35,11.0,5,39
2025-08-31,SKU102,1156,70.0,10,125
2025-08-31,SKU103,209,30.0,9,129
2025-08-31,SKU104,179,92.0,13,104
2025-08-31,SKU105,48,9.0,4,35
2025-08-31,SKU106,378,49.0,18,254
2025-08-31,SKU107,514,20.0,14,66
2025-08-31,SKU108,344,20.0,11,55
2025-08-31,SKU109,50,14.0,6,38
2025-08-31,SKU110,76,35.0,9,45
2025-08-31,SKU111,4208,150.0,9,292
2025-08-31,SKU112,15,23.0,8,38
2025-08-31,SKU113,190,109.0,19,156
2025-08-31,SKU114,3233,134.0,3,96
2025-08-31,SKU115,46,10.0,8,39
2025-08-31,SKU116,178,238.0,16,378
2025-08-31,SKU117,110,45.0,12,71
2025-08-31,SKU118,19,4.0,3,18
2025-08-31,SKU119,785,37.0,6,46
2025-08-31,SKU120,12,0.0,3,25
2025-08-31,SKU121,181,118.0,15,182
2025-08-31,SKU122,114,17.0,19,245
2025-08-31,SKU123,319,40.0,20,230
2025-08-31,SKU124,47,60.0,18,156
2025-08-31,SKU125,767,28.0,18,128
2025-08-31,SKU126,110,37.0,4,92
2025-08-31,SKU127,248,315.0,20,603
2025-08-31,SKU128,178,53.0,9,136
2025-08-31,SKU129,41,6.0,3,26
2025-08-31,SKU130,230,124.0,8,284
2025-08-31,SKU131,11,5.0,8,13
2025-08-31,SKU132,42,3.0,8,98
2025-08-31,SKU133,212,142.0,19,182
2025-08-31,SKU134,304,20.0,15,50
2025-08-31,SKU135,577,24.0,10,107
2025-08-31,SKU136,61,28.0,15,40
2025-08-31,SKU137,27,10.0,8,33
2025-08-31,SKU138,268,60.0,21,157
2025-08-31,SKU139,124,107.0,6,107
2025-08-31,SKU140,191,26.0,11,113
2025-08-31,SKU141,1111,54.0,9,106
2025-08-31,SKU142,36,23.0,6,39
2025-08-31,SKU143,194,103.0,7,117
2025-08-31,SKU144,73,23.0,15,68
2025-08-31,SKU145,623,269.0,10,552
2025-08-31,SKU146,43,10.0,5,31
2025-08-31,SKU147,315,104.0,16,180
2025-08-31,SKU148,62,71.0,16,143
2025-08-31,SKU149,46,7.0,5,89
2025-08-31,SKU150,39,69.0,16,94
2025-09-07,SKU001,295,9.0,9,28
2025-09-07,SKU002,589,113.0,21,420
2025-09-07,SKU003,78,26.0,7,60
2025-09-07,SKU004,44,11.0,11,102
2025-09-07,SKU005,132,54.0,6,100
2025-09-07,SKU006,66,103.0,16,321
2025-09-07,SKU007,50,22.0,7,42
2025-09-07,SKU008,2068,71.0,17,372
2025-09-07,SKU009,393,221.0,20,308
2025-09-07,SKU010,74,42.0,18,76
2025-09-07,SKU011,46,28.0,10,39
2025-09-07,SKU012,39,54.0,11,148
2025-09-07,SKU013,99,56.0,14,81
2025-09-07,SKU014,250,70.0,16,212
2025-09-07,SKU015,68,44.0,8,103
2025-09-07,SKU016,84,62.0,5,88
2025-09-07,SKU017,76,27.0,4,39
2025-09-07,SKU018,45,11.0,14,40
2025-09-07,SKU019,95,12.0,14,220
2025-09-07,SKU020,19,6.0,3,16
2025-09-07,SKU021,62,23.0,15,45
2025-09-07,SKU022,610,124.0,11,304
2025-09-07,SKU023,451,154.0,15,270
2025-09-07,SKU024,73,13.0,19,69
2025-09-07,SKU025,114,53.0,6,73
2025-09-07,SKU026,64,78.0,10,134
2025-09-07,SKU027,98,26.0,9,67
2025-09-07,SKU028,53,32.0,12,43
2025-09-07,SKU029,102,37.0,7,95
2025-09-07,SKU030,21,5.0,12,42
2025-09-07,SKU031,756,210.0,17,427
2025-09-07,SKU032,24,7.0,3,15
2025-09-07,SKU033,461,300.0,21,446
2025-09-07,SKU034,877,215.0,21,638
2025-09-07,SKU035,392,254.0,17,379
2025-09-07,SKU036,544,18.0,5,36
2025-09-07,SKU037,687,26.0,5,37
2025-09-07,SKU038,220,67.0,19,106
2025-09-07,SKU039,54,15.0,6,37
2025-09-07,SKU040,262,91.0,19,194
2025-09-07,SKU041,80,55.0,8,155
2025-09-07,SKU042,194,33.0,19,129
2025-09-07,SKU043,184,98.0,18,156
2025-09-07,SKU044,13,3.0,14,31
2025-09-07,SKU045,53,15.0,5,38
2025-09-07,SKU046,47,21.0,14,29
2025-09-07,SKU047,202,101.0,11,145
2025-09-07,SKU048,779,156.0,18,513
2025-09-07,SKU049,138,70.0,16,145
2025-09-07,SKU050,98,32.0,6,84
2025-09-07,SKU051,328,8.0,20,848
2025-09-07,SKU052,111,21.0,20,72
2025-09-07,SKU053,131,200.0,15,447
2025-09-07,SKU054,67,23.0,5,41
2025-09-07,SKU055,1087,27.0,18,192
2025-09-07,SKU056,192,79.0,9,131
2025-09-07,SKU057,36,24.0,5,36
2025-09-07,SKU058,454,352.0,16,446
2025-09-07,SKU059,56,19.0,3,41
2025-09-07,SKU060,963,41.0,11,114
2025-09-07,SKU061,477,123.0,18,416
2025-09-07,SKU062,53,10.0,8,48
2025-09-07,SKU063,131,61.0,18,153
2025-09-07,SKU064,334,169.0,19,331
2025-09-07,SKU065,8,12.0,13,31
2025-09-07,SKU066,632,232.0,18,360
2025-09-07,SKU067,247,55.0,19,214
2025-09-07,SKU068,59,8.0,16,199
2025-09-07,SKU069,85,20.0,7,71
2025-09-07,SKU070,222,55.0,4,143
2025-09-07,SKU071,176,23.0,8,140
2025-09-07,SKU072,136,36.0,7,139
2025-09-07,SKU073,1538,99.0,14,195
2025-09-07,SKU074,86,30.0,4,66
2025-09-07,SKU075,647,17.0,7,53
2025-09-07,SKU076,524,12.0,11,74
2025-09-07,SKU077,163,49.0,9,141
2025-09-07,SKU078,139,134.0,14,441
2025-09-07,SKU079,54,39.0,10,146
2025-09-07,SKU080,104,28.0,20,106
2025-09-07,SKU081,1551,35.0,18,309
2025-09-07,SKU082,95,22.0,18,71
2025-09-07,SKU083,92,19.0,6,89
2025-09-07,SKU084,105,30.0,8,81
2025-09-07,SKU085,2546,132.0,7,359
2025-09-07,SKU086,247,54.0,16,280
2025-09-07,SKU087,26,64.0,19,93
2025-09-07,SKU088,15,38.0,20,68
2025-09-07,SKU089,122,77.0,11,101
2025-09-07,SKU090,493,182.0,19,264
2025-09-07,SKU091,149,41.0,19,168
2025-09-07,SKU092,41,6.0,4,36
2025-09-07,SKU093,897,30.0,18,228
2025-09-07,SKU094,137,96.0,3,124
2025-09-07,SKU095,2901,333.0,19,1628
2025-09-07,SKU096,37,11.0,3,30
2025-09-07,SKU097,427,1.0,7,26
2025-09-07,SKU098,209,109.0,4,161
2025-09-07,SKU099,494,146.0,21,323
2025-09-07,SKU100,204,68.0,6,190
2025-09-07,SKU101,444,42.0,7,54
2025-09-07,SKU102,807,66.0,8,102
2025-09-07,SKU103,1464,54.0,6,108
2025-09-07,SKU104,93,22.0,9,89
2025-09-07,SKU105,543,16.0,12,88
2025-09-07,SKU106,174,72.0,10,119
2025-09-07,SKU107,500,31.0,16,81
2025-09-07,SKU108,281,27.0,8,33
2025-09-07,SKU109,175,94.0,20,136
2025-09-07,SKU110,607,9.0,4,26
2025-09-07,SKU111,503,390.0,13,423
2025-09-07,SKU112,98,17.0,14,87
2025-09-07,SKU113,909,,10,96
2025-09-07,SKU114,2143,37.0,16,579
2025-09-07,SKU115,350,10.0,16,99
2025-09-07,SKU116,2193,8.0,10,206
2025-09-07,SKU117,51,17.0,7,39
2025-09-07,SKU118,85,36.0,11,62
2025-09-07,SKU119,303,43.0,19,157
2025-09-07,SKU120,713,0.0,12,105
2025-09-07,SKU121,122,45.0,9,80
2025-09-07,SKU122,354,177.0,17,238
2025-09-07,SKU123,1063,11.0,14,126
2025-09-07,SKU124,224,24.0,13,135
2025-09-07,SKU125,108,59.0,14,77
2025-09-07,SKU126,108,129.0,19,401
2025-09-07,SKU127,460,132.0,10,273
2025-09-07,SKU128,148,142.0,14,224
2025-09-07,SKU129,179,70.0,15,126
2025-09-07,SKU130,142,90.0,4,103
2025-09-07,SKU131,18,,12,17
2025-09-07,SKU132,201,48.0,12,136
2025-09-07,SKU133,714,46.0,13,141
2025-09-07,SKU134,90,22.0,19,52
2025-09-07,SKU135,127,17.0,8,65
2025-09-07,SKU136,67,10.0,17,41
2025-09-07,SKU137,17,8.0,3,9
2025-09-07,SKU138,98,45.0,8,65
2025-09-07,SKU139,119,91.0,9,193
2025-09-07,SKU140,59,60.0,19,189
2025-09-07,SKU141,32,24.0,3,30
2025-09-07,SKU142,5,11.0,4,27
2025-09-07,SKU143,376,86.0,19,351
2025-09-07,SKU144,113,25.0,14,65
2025-09-07,SKU145,135,236.0,10,398
2025-09-07,SKU146,630,22.0,7,54
2025-09-07,SKU147,714,16.0,19,191
2025-09-07,SKU148,161,57.0,15,164
2025-09-07,SKU149,446,217.0,18,380
2025-09-07,SKU150,186,77.0,17,136
2025-09-14,SKU001,235,18.0,8,25
2025-09-14,SKU002,137,76.0,6,119
2025-09-14,SKU003,55,49.0,21,206
2025-09-14,SKU004,34,12.0,4,32
2025-09-14,SKU005,84,119.0,14,187
2025-09-14,SKU006,76,12.0,14,197
2025-09-14,SKU007,451,9.0,17,116
2025-09-14,SKU008,77,65.0,8,161
2025-09-14,SKU009,276,54.0,15,210
2025-09-14,SKU010,113,20.0,16,81
2025-09-14,SKU011,97,33.0,21,96
2025-09-14,SKU012,48,26.0,3,54
2025-09-14,SKU013,10,17.0,5,23
2025-09-14,SKU014,148,39.0,8,107
2025-09-14,SKU015,105,4.0,13,179
2025-09-14,SKU016,466,50.0,17,269
2025-09-14,SKU017,68,41.0,7,71
2025-09-14,SKU018,23,14.0,7,17
2025-09-14,SKU019,328,54.0,12,219
2025-09-14,SKU020,53,22.0,6,30
2025-09-14,SKU021,29,14.0,13,28
2025-09-14,SKU022,905,392.0,17,599
2025-09-14,SKU023,415,246.0,19,414
2025-09-14,SKU024,43,10.0,11,31
2025-09-14,SKU025,797,47.0,12,124
2025-09-14,SKU026,50,72.0,12,207
2025-09-14,SKU027,23,13.0,7,51
2025-09-14,SKU028,75,37.0,13,39
2025-09-14,SKU029,1087,65.0,20,258
2025-09-14,SKU030,26,14.0,8,33
2025-09-14,SKU031,727,276.0,21,562
2025-09-14,SKU032,101,23.0,14,74
2025-09-14,SKU033,1980,,6,112
2025-09-14,SKU034,423,207.0,14,409
2025-09-14,SKU035,305,192.0,17,354
2025-09-14,SKU036,18,6.0,14,93
2025-09-14,SKU037,75,36.0,6,59
2025-09-14,SKU038,98,47.0,11,75
2025-09-14,SKU039,136,56.0,17,93
2025-09-14,SKU040,290,81.0,20,183
2025-09-14,SKU041,1669,42.0,14,194
2025-09-14,SKU042,166,27.0,15,118
2025-09-14,SKU043,226,63.0,20,166
2025-09-14,SKU044,53,15.0,15,36
2025-09-14,SKU045,55,16.0,5,31
2025-09-14,SKU046,24,11.0,8,24
2025-09-14,SKU047,160,112.0,12,207
2025-09-14,SKU048,601,282.0,14,409
2025-09-14,SKU049,45,28.0,5,43
2025-09-14,SKU050,274,74.0,14,188
2025-09-14,SKU051,720,111.0,12,379
2025-09-14,SKU052,233,2.0,15,46
2025-09-14,SKU053,494,185.0,16,464
2025-09-14,SKU054,45,68.0,15,125
2025-09-14,SKU055,205,110.0,16,184
2025-09-14,SKU056,285,124.0,12,206
2025-09-14,SKU057,556,40.0,20,115
2025-09-14,SKU058,192,94.0,7,191
2025-09-14,SKU059,109,29.0,6,78
2025-09-14,SKU060,306,122.0,15,188
2025-09-14,SKU061,105,146.0,14,289
2025-09-14,SKU062,32,51.0,19,145
2025-09-14,SKU063,198,36.0,19,127
2025-09-14,SKU064,319,109.0,14,234
2025-09-14,SKU065,45,13.0,13,32
2025-09-14,SKU066,1885,17.0,15,361
2025-09-14,SKU067,11,0.0,3,28
2025-09-14,SKU068,65,52.0,17,199
2025-09-14,SKU069,88,41.0,5,51
2025-09-14,SKU070,399,131.0,12,392
2025-09-14,SKU071,178,114.0,10,187
2025-09-14,SKU072,522,138.0,20,391
2025-09-14,SKU073,155,66.0,6,116
2025-09-14,SKU074,320,140.0,15,177
2025-09-14,SKU075,185,33.0,17,92
2025-09-14,SKU076,93,59.0,12,93
2025-09-14,SKU077,212,54.0,10,125
2025-09-14,SKU078,2090,12.0,13,296
2025-09-14,SKU079,334,86.0,16,219
2025-09-14,SKU080,142,36.0,18,84
2025-09-14,SKU081,148,88.0,16,226
2025-09-14,SKU082,82,30.0,12,49
2025-09-14,SKU083,331,89.0,13,173
2025-09-14,SKU084,289,63.0,18,188
2025-09-14,SKU085,354,144.0,8,350
2025-09-14,SKU086,228,125.0,11,144
2025-09-14,SKU087,84,55.0,13,79
2025-09-14,SKU088,122,51.0,21,77
2025-09-14,SKU089,55,32.0,13,109
2025-09-14,SKU090,412,207.0,18,291
2025-09-14,SKU091,139,93.0,14,124
2025-09-14,SKU092,60,20.0,4,43
2025-09-14,SKU093,1067,94.0,12,189
2025-09-14,SKU094,264,92.0,5,276
2025-09-14,SKU095,2705,765.0,21,2202
2025-09-14,SKU096,1048,42.0,17,145
2025-09-14,SKU097,94,28.0,13,57
2025-09-14,SKU098,989,481.0,16,674
2025-09-14,SKU099,1357,0.0,8,119
2025-09-14,SKU100,631,425.0,21,712
2025-09-14,SKU101,443,4.0,9,72
2025-09-14,SKU102,991,48.0,17,202
2025-09-14,SKU103,272,140.0,13,192
2025-09-14,SKU104,148,104.0,16,172
2025-09-14,SKU105,141,44.0,11,84
2025-09-14,SKU106,257,64.0,13,169
2025-09-14,SKU107,19,4.0,11,60
2025-09-14,SKU108,82,23.0,12,60
2025-09-14,SKU109,454,25.0,4,31
2025-09-14,SKU110,4,9.0,3,15
2025-09-14,SKU111,3806,175.0,3,139
2025-09-14,SKU112,102,19.0,18,90
2025-09-14,SKU113,183,75.0,17,156
2025-09-14,SKU114,609,147.0,17,659
2025-09-14,SKU115,85,11.0,13,66
2025-09-14,SKU116,288,92.0,9,186
2025-09-14,SKU117,57,69.0,18,128
2025-09-14,SKU118,144,36.0,16,82
2025-09-14,SKU119,596,37.0,21,181
2025-09-14,SKU120,176,69.0,17,180
2025-09-14,SKU121,68,54.0,7,88
2025-09-14,SKU122,339,131.0,14,194
2025-09-14,SKU123,116,11.0,7,58
2025-09-14,SKU124,220,70.0,13,119
2025-09-14,SKU125,587,34.0,16,129
2025-09-14,SKU126,720,191.0,21,493
2025-09-14,SKU127,129,181.0,13,414
2025-09-14,SKU128,1864,,20,322
2025-09-14,SKU129,215,28.0,12,145
2025-09-14,SKU130,39,1.0,4,118
2025-09-14,SKU131,2,1.0,4,5
2025-09-14,SKU132,79,53.0,13,134
2025-09-14,SKU133,39,21.0,4,36
2025-09-14,SKU134,59,28.0,18,51
2025-09-14,SKU135,117,83.0,11,105
2025-09-14,SKU136,6,9.0,8,17
2025-09-14,SKU137,12,3.0,3,9
2025-09-14,SKU138,84,71.0,20,129
2025-09-14,SKU139,1692,124.0,18,397
2025-09-14,SKU140,133,73.0,12,129
2025-09-14,SKU141,270,25.0,15,133
2025-09-14,SKU142,173,65.0,19,124
2025-09-14,SKU143,126,107.0,14,285
2025-09-14,SKU144,6,9.0,4,22
2025-09-14,SKU145,126,107.0,9,458
2025-09-14,SKU146,121,30.0,11,87
2025-09-14,SKU147,92,31.0,6,62
2025-09-14,SKU148,47,8.0,3,36
2025-09-14,SKU149,2202,15.0,21,497
2025-09-14,SKU150,174,66.0,21,122
2025-09-21,SKU001,219,6.0,5,12
2025-09-21,SKU002,374,80.0,14,267
2025-09-21,SKU003,52,62.0,17,173
2025-09-21,SKU004,652,40.0,15,120
2025-09-21,SKU005,129,51.0,9,112
2025-09-21,SKU006,88,77.0,12,210
2025-09-21,SKU007,785,40.0,15,98
2025-09-21,SKU008,243,142.0,10,167
2025-09-21,SKU009,261,102.0,14,194
2025-09-21,SKU010,135,52.0,21,93
2025-09-21,SKU011,90,47.0,20,91
2025-09-21,SKU012,10,28.0,3,52
2025-09-21,SKU013,22,4.0,7,40
2025-09-21,SKU014,201,135.0,18,247
2025-09-21,SKU015,164,69.0,9,115
2025-09-21,SKU016,1173,13.0,11,184
2025-09-21,SKU017,288,39.0,17,190
2025-09-21,SKU018,41,18.0,11,33
2025-09-21,SKU019,151,29.0,10,189
2025-09-21,SKU020,170,55.0,20,125
2025-09-21,SKU021,31,11.0,13,35
2025-09-21,SKU022,288,57.0,6,244
2025-09-21,SKU023,1904,135.0,17,316
2025-09-21,SKU024,64,19.0,21,67
2025-09-21,SKU025,173,41.0,9,81
2025-09-21,SKU026,371,216.0,20,343
2025-09-21,SKU027,47,28.0,5,31
2025-09-21,SKU028,41,18.0,7,25
2025-09-21,SKU029,190,46.0,12,159
2025-09-21,SKU030,72,31.0,13,40
2025-09-21,SKU031,2655,190.0,16,559
2025-09-21,SKU032,659,10.0,14,82
2025-09-21,SKU033,358,56.0,12,277
2025-09-21,SKU034,685,281.0,19,420
2025-09-21,SKU035,268,107.0,8,178
2025-09-21,SKU036,64,17.0,10,56
2025-09-21,SKU037,57,33.0,19,175
2025-09-21,SKU038,42,20.0,7,53
2025-09-21,SKU039,34,20.0,5,22
2025-09-21,SKU040,37,11.0,3,32
2025-09-21,SKU041,341,40.0,13,195
2025-09-21,SKU042,214,40.0,19,128
2025-09-21,SKU043,251,63.0,17,170
2025-09-21,SKU044,286,7.0,4,10
2025-09-21,SKU045,168,29.0,19,137
2025-09-21,SKU046,11,3.0,10,23
2025-09-21,SKU047,97,39.0,5,83
2025-09-21,SKU048,190,76.0,4,140
2025-09-21,SKU049,65,8.0,6,54
2025-09-21,SKU050,37,38.0,6,88
2025-09-21,SKU051,977,505.0,18,655
2025-09-21,SKU052,37,17.0,7,22
2025-09-21,SKU053,622,171.0,15,512
2025-09-21,SKU054,289,30.0,21,159
2025-09-21,SKU055,102,60.0,8,94
2025-09-21,SKU056,160,53.0,8,137
2025-09-21,SKU057,178,48.0,20,149
2025-09-21,SKU058,404,300.0,16,523
2025-09-21,SKU059,1377,84.0,16,174
2025-09-21,SKU060,86,20.0,5,70
2025-09-21,SKU061,609,100.0,18,322
2025-09-21,SKU062,780,45.0,21,176
2025-09-21,SKU063,56,14.0,4,27
2025-09-21,SKU064,180,87.0,8,130
2025-09-21,SKU065,27,6.0,13,27
2025-09-21,SKU066,306,174.0,13,312
2025-09-21,SKU067,682,12.0,19,219
2025-09-21,SKU068,820,7.0,17,206
2025-09-21,SKU069,55,21.0,3,32
2025-09-21,SKU070,775,80.0,14,571
2025-09-21,SKU071,522,184.0,20,386
2025-09-21,SKU072,1568,71.0,8,130
2025-09-21,SKU073,496,249.0,21,304
2025-09-21,SKU074,363,132.0,18,249
2025-09-21,SKU075,6,11.0,4,27
2025-09-21,SKU076,163,55.0,16,127
2025-09-21,SKU077,92,18.0,12,144
2025-09-21,SKU078,788,348.0,18,472
2025-09-21,SKU079,332,194.0,19,209
2025-09-21,SKU080,8,10.0,3,17
2025-09-21,SKU081,1155,93.0,7,92
2025-09-21,SKU082,396,15.0,4,20
2025-09-21,SKU083,117,3.0,21,281
2025-09-21,SKU084,55,33.0,6,63
2025-09-21,SKU085,729,306.0,10,390
2025-09-21,SKU086,33,32.0,10,176
2025-09-21,SKU087,117,14.0,14,72
2025-09-21,SKU088,79,53.0,18,71
2025-09-21,SKU089,42,29.0,4,47
2025-09-21,SKU090,379,114.0,16,208
2025-09-21,SKU091,36,30.0,12,106
2025-09-21,SKU092,1120,27.0,15,144
2025-09-21,SKU093,1148,36.0,17,272
2025-09-21,SKU094,1327,373.0,19,1085
2025-09-21,SKU095,2035,1005.0,14,1597
2025-09-21,SKU096,108,4.0,19,202
2025-09-21,SKU097,291,21.0,14,56
2025-09-21,SKU098,366,81.0,6,251
2025-09-21,SKU099,114,31.0,8,103
2025-09-21,SKU100,470,209.0,15,393
2025-09-21,SKU101,540,4.0,9,55
2025-09-21,SKU102,37,,12,156
2025-09-21,SKU103,129,70.0,9,155
2025-09-21,SKU104,263,70.0,17,177
2025-09-21,SKU105,206,23.0,20,157
2025-09-21,SKU106,23,48.0,7,81
2025-09-21,SKU107,329,15.0,13,62
2025-09-21,SKU108,113,24.0,14,76
2025-09-21,SKU109,178,79.0,15,94
2025-09-21,SKU110,8,17.0,5,23
2025-09-21,SKU111,1039,161.0,17,688
2025-09-21,SKU112,73,15.0,12,73
2025-09-21,SKU113,163,103.0,18,158
2025-09-21,SKU114,474,239.0,9,368
2025-09-21,SKU115,120,20.0,19,93
2025-09-21,SKU116,483,241.0,15,404
2025-09-21,SKU117,44,19.0,4,32
2025-09-21,SKU118,8,1.0,3,17
2025-09-21,SKU119,301,48.0,19,205
2025-09-21,SKU120,67,,13,103
2025-09-21,SKU121,144,82.0,13,142
2025-09-21,SKU122,1419,16.0,17,219
2025-09-21,SKU123,849,50.0,3,27
2025-09-21,SKU124,191,154.0,21,219
2025-09-21,SKU125,107,27.0,10,82
2025-09-21,SKU126,84,34.0,11,261
2025-09-21,SKU127,71,47.0,3,91
2025-09-21,SKU128,122,16.0,5,93
2025-09-21,SKU129,95,,8,76
2025-09-21,SKU130,578,182.0,14,466
2025-09-21,SKU131,20,4.0,13,20
2025-09-21,SKU132,180,70.0,19,227
2025-09-21,SKU133,1015,42.0,15,163
2025-09-21,SKU134,52,9.0,15,48
2025-09-21,SKU135,38,61.0,10,110
2025-09-21,SKU136,56,24.0,14,30
2025-09-21,SKU137,69,20.0,17,48
2025-09-21,SKU138,100,49.0,9,54
2025-09-21,SKU139,414,142.0,17,369
2025-09-21,SKU140,46,27.0,4,48
2025-09-21,SKU141,51,65.0,12,130
2025-09-21,SKU142,134,98.0,20,131
2025-09-21,SKU143,411,179.0,17,371
2025-09-21,SKU144,100,83.0,21,113
2025-09-21,SKU145,243,96.0,9,408
2025-09-21,SKU146,18,25.0,6,44
2025-09-21,SKU147,853,65.0,8,90
2025-09-21,SKU148,19,7.0,4,37
2025-09-21,SKU149,772,113.0,21,446
2025-09-21,SKU150,47,13.0,5,35
2025-09-28,SKU001,70,11.0,19,65
2025-09-28,SKU002,121,72.0,7,127
2025-09-28,SKU003,154,60.0,11,85
2025-09-28,SKU004,25,4.0,3,21
2025-09-28,SKU005,199,96.0,14,167
2025-09-28,SKU006,340,189.0,18,272
2025-09-28,SKU007,93,23.0,12,86
2025-09-28,SKU008,260,83.0,8,123
2025-09-28,SKU009,223,71.0,9,140
2025-09-28,SKU010,29,14.0,13,49
2025-09-28,SKU011,86,40.0,14,55
2025-09-28,SKU012,69,36.0,3,44
2025-09-28,SKU013,33,28.0,11,56
2025-09-28,SKU014,782,36.0,8,113
2025-09-28,SKU015,206,112.0,13,201
2025-09-28,SKU016,564,122.0,20,345
2025-09-28,SKU017,130,27.0,13,130
2025-09-28,SKU018,218,18.0,6,19
2025-09-28,SKU019,115,26.0,4,57
2025-09-28,SKU020,43,23.0,6,33
2025-09-28,SKU021,28,31.0,20,47
2025-09-28,SKU022,537,188.0,16,502
2025-09-28,SKU023,1860,73.0,8,167
2025-09-28,SKU024,11,2.0,7,19
2025-09-28,SKU025,725,21.0,7,63
2025-09-28,SKU026,193,53.0,8,117
2025-09-28,SKU027,775,14.0,3,23
2025-09-28,SKU028,29,16.0,16,47
2025-09-28,SKU029,222,123.0,20,260
2025-09-28,SKU030,119,12.0,20,75
2025-09-28,SKU031,83,62.0,3,74
2025-09-28,SKU032,27,14.0,5,32
2025-09-28,SKU033,215,183.0,19,462
2025-09-28,SKU034,154,32.0,6,133
2025-09-28,SKU035,271,56.0,12,251
2025-09-28,SKU036,98,46.0,14,86
2025-09-28,SKU037,502,7.0,20,152
2025-09-28,SKU038,23,27.0,9,50
2025-09-28,SKU039,539,22.0,20,105
2025-09-28,SKU040,286,97.0,17,150
2025-09-28,SKU041,77,7.0,8,115
2025-09-28,SKU042,146,55.0,19,127
2025-09-28,SKU043,216,63.0,18,140
2025-09-28,SKU044,18,10.0,7,15
2025-09-28,SKU045,188,92.0,18,113
2025-09-28,SKU046,232,6.0,3,8
2025-09-28,SKU047,214,143.0,13,195
2025-09-28,SKU048,3027,0.0,8,208
2025-09-28,SKU049,160,59.0,13,102
2025-09-28,SKU050,75,28.0,4,55
2025-09-28,SKU051,269,88.0,7,248
2025-09-28,SKU052,68,37.0,18,56
2025-09-28,SKU053,762,92.0,16,396
2025-09-28,SKU054,48,26.0,10,88
2025-09-28,SKU055,1058,38.0,3,34
2025-09-28,SKU056,1157,92.0,18,307
2025-09-28,SKU057,52,7.0,19,107
2025-09-28,SKU058,558,311.0,14,403
2025-09-28,SKU059,1038,69.0,10,110
2025-09-28,SKU060,172,46.0,12,112
2025-09-28,SKU061,66,77.0,7,166
2025-09-28,SKU062,87,26.0,12,88
2025-09-28,SKU063,7,7.0,3,28
2025-09-28,SKU064,1180,22.0,14,195
2025-09-28,SKU065,14,24.0,21,40
2025-09-28,SKU066,1585,60.0,7,160
2025-09-28,SKU067,40,31.0,12,120
2025-09-28,SKU068,40,20.0,3,41
2025-09-28,SKU069,33,16.0,3,29
2025-09-28,SKU070,97,58.0,5,176
2025-09-28,SKU071,1254,110.0,10,181
2025-09-28,SKU072,184,69.0,8,129
2025-09-28,SKU073,346,173.0,17,293
2025-09-28,SKU074,293,56.0,12,209
2025-09-28,SKU075,69,40.0,18,94
2025-09-28,SKU076,56,43.0,15,102
2025-09-28,SKU077,122,26.0,7,80
2025-09-28,SKU078,142,166.0,10,264
2025-09-28,SKU079,75,94.0,13,197
2025-09-28,SKU080,107,54.0,15,76
2025-09-28,SKU081,153,124.0,10,155
2025-09-28,SKU082,59,26.0,10,50
2025-09-28,SKU083,72,60.0,10,164
2025-09-28,SKU084,1038,14.0,4,33
2025-09-28,SKU085,275,255.0,12,496
2025-09-28,SKU086,289,86.0,18,253
2025-09-28,SKU087,109,14.0,13,85
2025-09-28,SKU088,83,37.0,17,71
2025-09-28,SKU089,117,83.0,21,221
2025-09-28,SKU090,91,63.0,13,188
2025-09-28,SKU091,152,107.0,19,145
2025-09-28,SKU092,233,55.0,14,173
2025-09-28,SKU093,253,78.0,11,165
2025-09-28,SKU094,282,150.0,4,202
2025-09-28,SKU095,8053,373.0,7,760
2025-09-28,SKU096,29,15.0,5,55
2025-09-28,SKU097,82,40.0,11,40
2025-09-28,SKU098,70,41.0,4,183
2025-09-28,SKU099,294,89.0,13,224
2025-09-28,SKU100,171,67.0,4,114
2025-09-28,SKU101,130,64.0,16,128
2025-09-28,SKU102,177,123.0,16,205
2025-09-28,SKU103,1532,38.0,8,134
2025-09-28,SKU104,76,11.0,6,60
2025-09-28,SKU105,109,49.0,13,109
2025-09-28,SKU106,267,80.0,19,264
2025-09-28,SKU107,155,21.0,20,88
2025-09-28,SKU108,83,28.0,12,58
2025-09-28,SKU109,104,25.0,17,137
2025-09-28,SKU110,34,10.0,5,25
2025-09-28,SKU111,75,120.0,9,295
2025-09-28,SKU112,485,10.0,7,33
2025-09-28,SKU113,20,8.0,7,60
2025-09-28,SKU114,728,409.0,16,524
2025-09-28,SKU115,72,47.0,14,79
2025-09-28,SKU116,83,32.0,3,78
2025-09-28,SKU117,13,12.0,4,30
2025-09-28,SKU118,447,4.0,18,97
2025-09-28,SKU119,138,51.0,13,131
2025-09-28,SKU120,193,135.0,20,213
2025-09-28,SKU121,212,56.0,12,117
2025-09-28,SKU122,82,98.0,11,154
2025-09-28,SKU123,744,24.0,10,84
2025-09-28,SKU124,756,51.0,19,212
2025-09-28,SKU125,127,29.0,15,122
2025-09-28,SKU126,606,264.0,18,402
2025-09-28,SKU127,1727,53.0,18,426
2025-09-28,SKU128,38,20.0,4,60
2025-09-28,SKU129,908,5.0,3,30
2025-09-28,SKU130,144,186.0,14,435
2025-09-28,SKU131,29,10.0,18,25
2025-09-28,SKU132,68,59.0,11,134
2025-09-28,SKU133,156,93.0,18,197
2025-09-28,SKU134,97,42.0,19,47
2025-09-28,SKU135,44,17.0,4,36
2025-09-28,SKU136,18,2.0,5,13
2025-09-28,SKU137,49,11.0,12,37
2025-09-28,SKU138,107,67.0,13,81
2025-09-28,SKU139,86,23.0,3,77
2025-09-28,SKU140,236,63.0,16,164
2025-09-28,SKU141,164,38.0,11,95
2025-09-28,SKU142,28,18.0,11,73
2025-09-28,SKU143,52,51.0,7,155
2025-09-28,SKU144,96,34.0,15,78
2025-09-28,SKU145,1321,504.0,16,722
2025-09-28,SKU146,519,21.0,13,92
2025-09-28,SKU147,289,80.0,18,233
2025-09-28,SKU148,134,73.0,11,133
2025-09-28,SKU149,316,99.0,10,227
2025-09-28,SKU150,97,65.0,12,85
2025-10-05,SKU001,206,13.0,13,35
2025-10-05,SKU002,260,77.0,14,304
2025-10-05,SKU003,124,66.0,11,80
2025-10-05,SKU004,161,46.0,12,75
2025-10-05,SKU005,194,55.0,9,148
2025-10-05,SKU006,50,9.0,9,177
2025-10-05,SKU007,34,9.0,5,36
2025-10-05,SKU008,175,175.0,21,346
2025-10-05,SKU009,98,48.0,5,79
2025-10-05,SKU010,67,27.0,14,72
2025-10-05,SKU011,113,30.0,17,72
2025-10-05,SKU012,9,28.0,3,55
2025-10-05,SKU013,50,14.0,8,45
2025-10-05,SKU014,157,29.0,9,125
2025-10-05,SKU015,117,22.0,6,76
2025-10-05,SKU016,273,132.0,13,170
2025-10-05,SKU017,1075,13.0,3,26
2025-10-05,SKU018,75,28.0,15,38
2025-10-05,SKU019,200,55.0,13,231
2025-10-05,SKU020,54,25.0,10,46
2025-10-05,SKU021,31,13.0,8,23
2025-10-05,SKU022,231,73.0,5,147
2025-10-05,SKU023,108,18.0,4,90
2025-10-05,SKU024,55,25.0,11,29
2025-10-05,SKU025,320,79.0,20,189
2025-10-05,SKU026,51,31.0,7,96
2025-10-05,SKU027,124,49.0,11,91
2025-10-05,SKU028,13,14.0,17,73
2025-10-05,SKU029,264,134.0,18,201
2025-10-05,SKU030,41,19.0,9,34
2025-10-05,SKU031,384,71.0,8,297
2025-10-05,SKU032,147,39.0,19,130
2025-10-05,SKU033,331,78.0,12,294
2025-10-05,SKU034,166,43.0,20,422
2025-10-05,SKU035,182,33.0,8,135
2025-10-05,SKU036,41,18.0,7,47
2025-10-05,SKU037,6,0.0,3,27
2025-10-05,SKU038,104,27.0,13,85
2025-10-05,SKU039,51,29.0,8,47
2025-10-05,SKU040,172,61.0,12,135
2025-10-05,SKU041,1595,33.0,20,273
2025-10-05,SKU042,192,88.0,15,113
2025-10-05,SKU043,109,72.0,12,112
2025-10-05,SKU044,14,1.0,9,27
2025-10-05,SKU045,103,50.0,10,62
2025-10-05,SKU046,9,2.0,3,7
2025-10-05,SKU047,84,37.0,13,194
2025-10-05,SKU048,644,165.0,16,426
2025-10-05,SKU049,108,26.0,11,100
2025-10-05,SKU050,250,115.0,19,248
2025-10-05,SKU051,3436,214.0,19,766
2025-10-05,SKU052,23,8.0,6,23
2025-10-05,SKU053,444,364.0,17,523
2025-10-05,SKU054,60,15.0,4,35
2025-10-05,SKU055,242,162.0,20,202
2025-10-05,SKU056,41,98.0,11,134
2025-10-05,SKU057,523,1.0,5,31
2025-10-05,SKU058,267,91.0,7,222
2025-10-05,SKU059,108,51.0,8,122
2025-10-05,SKU060,141,44.0,9,84
2025-10-05,SKU061,142,210.0,19,452
2025-10-05,SKU062,49,26.0,6,41
2025-10-05,SKU063,878,7.0,11,83
2025-10-05,SKU064,1094,2.0,20,349
2025-10-05,SKU065,20,8.0,7,19
2025-10-05,SKU066,150,57.0,15,372
2025-10-05,SKU067,721,23.0,12,128
2025-10-05,SKU068,406,56.0,21,307
2025-10-05,SKU069,408,138.0,21,264
2025-10-05,SKU070,857,346.0,15,539
2025-10-05,SKU071,157,71.0,6,109
2025-10-05,SKU072,464,166.0,17,344
2025-10-05,SKU073,1374,112.0,7,133
2025-10-05,SKU074,105,110.0,20,337
2025-10-05,SKU075,30,15.0,3,20
2025-10-05,SKU076,39,28.0,10,62
2025-10-05,SKU077,88,3.0,12,168
2025-10-05,SKU078,579,193.0,14,404
2025-10-05,SKU079,321,76.0,21,309
2025-10-05,SKU080,53,15.0,9,43
2025-10-05,SKU081,518,169.0,21,369
2025-10-05,SKU082,104,19.0,15,67
2025-10-05,SKU083,206,108.0,15,248
2025-10-05,SKU084,318,153.0,21,223
2025-10-05,SKU085,722,384.0,14,686
2025-10-05,SKU086,208,49.0,10,165
2025-10-05,SKU087,104,31.0,18,119
2025-10-05,SKU088,64,16.0,16,67
2025-10-05,SKU089,177,64.0,15,136
2025-10-05,SKU090,79,12.0,14,182
2025-10-05,SKU091,146,68.0,16,162
2025-10-05,SKU092,132,90.0,11,124
2025-10-05,SKU093,1011,63.0,12,200
2025-10-05,SKU094,270,450.0,21,949
2025-10-05,SKU095,1556,493.0,10,986
2025-10-05,SKU096,66,44.0,6,54
2025-10-05,SKU097,89,18.0,14,51
2025-10-05,SKU098,434,262.0,8,371
2025-10-05,SKU099,241,71.0,10,173
2025-10-05,SKU100,2388,134.0,8,264
2025-10-05,SKU101,114,70.0,14,106
2025-10-05,SKU102,209,104.0,14,153
2025-10-05,SKU103,171,107.0,11,179
2025-10-05,SKU104,923,54.0,6,58
2025-10-05,SKU105,146,25.0,16,133
2025-10-05,SKU106,270,127.0,16,200
2025-10-05,SKU107,43,14.0,6,28
2025-10-05,SKU108,88,28.0,18,96
2025-10-05,SKU109,108,49.0,13,81
2025-10-05,SKU110,27,21.0,5,24
2025-10-05,SKU111,165,93.0,11,464
2025-10-05,SKU112,6,11.0,4,20
2025-10-05,SKU113,616,8.0,5,43
2025-10-05,SKU114,558,111.0,15,568
2025-10-05,SKU115,36,69.0,21,97
2025-10-05,SKU116,570,340.0,19,528
2025-10-05,SKU117,155,60.0,14,116
2025-10-05,SKU118,103,34.0,14,91
2025-10-05,SKU119,30,15.0,3,31
2025-10-05,SKU120,215,83.0,20,183
2025-10-05,SKU121,267,40.0,17,153
2025-10-05,SKU122,42,19.0,5,69
2025-10-05,SKU123,94,34.0,6,50
2025-10-05,SKU124,73,122.0,20,201
2025-10-05,SKU125,172,25.0,21,133
2025-10-05,SKU126,614,177.0,20,349
2025-10-05,SKU127,427,91.0,16,359
2025-10-05,SKU128,481,148.0,15,262
2025-10-05,SKU129,884,59.0,3,35
2025-10-05,SKU130,541,146.0,15,394
2025-10-05,SKU131,31,10.0,13,21
2025-10-05,SKU132,30,27.0,6,62
2025-10-05,SKU133,86,28.0,8,85
2025-10-05,SKU134,182,19.0,14,36
2025-10-05,SKU135,265,74.0,18,146
2025-10-05,SKU136,9,1.0,9,21
2025-10-05,SKU137,2,3.0,3,10
2025-10-05,SKU138,177,59.0,15,96
2025-10-05,SKU139,250,51.0,21,414
2025-10-05,SKU140,244,138.0,19,223
2025-10-05,SKU141,78,22.0,5,43
2025-10-05,SKU142,33,25.0,5,36
2025-10-05,SKU143,1464,37.0,3,57
2025-10-05,SKU144,114,41.0,15,76
2025-10-05,SKU145,323,65.0,6,334
2025-10-05,SKU146,782,29.0,14,97
2025-10-05,SKU147,303,72.0,19,261
2025-10-05,SKU148,57,39.0,5,42
2025-10-05,SKU149,45,6.0,5,121
2025-10-05,SKU150,29,15.0,3,20
2025-10-12,SKU001,10,13.0,11,34
2025-10-12,SKU002,289,113.0,12,198
2025-10-12,SKU003,56,30.0,5,51
2025-10-12,SKU004,55,55.0,14,100
2025-10-12,SKU005,225,44.0,15,220
2025-10-12,SKU006,1008,11.0,13,257
2025-10-12,SKU007,157,39.0,14,97
2025-10-12,SKU008,80,83.0,8,132
2025-10-12,SKU009,89,69.0,15,243
2025-10-12,SKU010,51,27.0,10,43
2025-10-12,SKU011,28,18.0,6,22
2025-10-12,SKU012,321,67.0,15,250
2025-10-12,SKU013,62,27.0,11,58
2025-10-12,SKU014,144,58.0,10,120
2025-10-12,SKU015,19,5.0,4,56
2025-10-12,SKU016,185,111.0,12,212
2025-10-12,SKU017,132,54.0,7,80
2025-10-12,SKU018,170,0.0,19,65
2025-10-12,SKU019,190,66.0,11,179
2025-10-12,SKU020,141,32.0,16,94
2025-10-12,SKU021,7,8.0,6,15
2025-10-12,SKU022,174,126.0,9,282
2025-10-12,SKU023,104,54.0,5,106
2025-10-12,SKU024,48,23.0,17,50
2025-10-12,SKU025,258,104.0,20,246
2025-10-12,SKU026,397,117.0,20,294
2025-10-12,SKU027,175,84.0,15,122
2025-10-12,SKU028,91,40.0,15,65
2025-10-12,SKU029,151,83.0,9,94
2025-10-12,SKU030,58,43.0,18,63
2025-10-12,SKU031,662,249.0,16,417
2025-10-12,SKU032,21,3.0,17,113
2025-10-12,SKU033,442,60.0,12,230
2025-10-12,SKU034,155,48.0,5,110
2025-10-12,SKU035,409,163.0,21,421
2025-10-12,SKU036,170,45.0,20,125
2025-10-12,SKU037,140,30.0,18,156
2025-10-12,SKU038,62,21.0,6,38
2025-10-12,SKU039,60,25.0,7,38
2025-10-12,SKU040,98,18.0,9,90
2025-10-12,SKU041,16,8.0,3,43
2025-10-12,SKU042,197,40.0,18,130
2025-10-12,SKU043,60,10.0,7,73
2025-10-12,SKU044,39,12.0,10,23
2025-10-12,SKU045,573,4.0,16,126
2025-10-12,SKU046,19,8.0,7,18
2025-10-12,SKU047,241,69.0,13,219
2025-10-12,SKU048,557,378.0,16,514
2025-10-12,SKU049,33,55.0,13,113
2025-10-12,SKU050,237,50.0,12,203
2025-10-12,SKU051,413,344.0,12,486
2025-10-12,SKU052,50,30.0,13,40
2025-10-12,SKU053,519,250.0,12,370
2025-10-12,SKU054,27,1.0,7,49
2025-10-12,SKU055,1038,8.0,20,208
2025-10-12,SKU056,93,21.0,7,111
2025-10-12,SKU057,393,36.0,4,26
2025-10-12,SKU058,2300,100.0,17,442
2025-10-12,SKU059,109,12.0,5,59
2025-10-12,SKU060,706,71.0,19,263
2025-10-12,SKU061,1919,10.0,17,374
2025-10-12,SKU062,71,14.0,6,41
2025-10-12,SKU063,55,33.0,20,166
2025-10-12,SKU064,905,77.0,13,220
2025-10-12,SKU065,29,8.0,8,16
2025-10-12,SKU066,257,57.0,13,238
2025-10-12,SKU067,68,25.0,4,45
2025-10-12,SKU068,129,36.0,10,149
2025-10-12,SKU069,274,104.0,21,203
2025-10-12,SKU070,1002,422.0,18,553
2025-10-12,SKU071,262,78.0,10,185
2025-10-12,SKU072,293,70.0,16,250
2025-10-12,SKU073,391,123.0,16,274
2025-10-12,SKU074,167,146.0,20,293
2025-10-12,SKU075,6,3.0,3,19
2025-10-12,SKU076,139,90.0,17,97
2025-10-12,SKU077,86,91.0,12,143
2025-10-12,SKU078,88,175.0,10,276
2025-10-12,SKU079,62,18.0,5,52
2025-10-12,SKU080,131,57.0,14,84
2025-10-12,SKU081,266,157.0,15,260
2025-10-12,SKU082,371,1.0,3,10
2025-10-12,SKU083,99,121.0,19,332
2025-10-12,SKU084,28,18.0,6,55
2025-10-12,SKU085,3416,157.0,5,200
2025-10-12,SKU086,1558,31.0,5,69
2025-10-12,SKU087,94,40.0,11,58
2025-10-12,SKU088,85,34.0,13,55
2025-10-12,SKU089,118,24.0,7,68
2025-10-12,SKU090,190,85.0,8,101
2025-10-12,SKU091,173,83.0,17,132
2025-10-12,SKU092,67,35.0,5,55
2025-10-12,SKU093,200,73.0,9,109
2025-10-12,SKU094,868,464.0,16,915
2025-10-12,SKU095,367,154.0,3,347
2025-10-12,SKU096,156,65.0,16,162
2025-10-12,SKU097,162,33.0,21,106
2025-10-12,SKU098,190,69.0,3,164
2025-10-12,SKU099,82,173.0,18,298
2025-10-12,SKU100,419,73.0,9,264
2025-10-12,SKU101,45,,4,25
2025-10-12,SKU102,406,78.0,21,203
2025-10-12,SKU103,349,156.0,15,262
2025-10-12,SKU104,145,64.0,13,103
2025-10-12,SKU105,133,42.0,16,135
2025-10-12,SKU106,298,105.0,16,252
2025-10-12,SKU107,526,25.0,12,60
2025-10-12,SKU108,47,40.0,11,44
2025-10-12,SKU109,130,25.0,11,67
2025-10-12,SKU110,7,17.0,6,29
2025-10-12,SKU111,745,418.0,16,721
2025-10-12,SKU112,107,44.0,13,67
2025-10-12,SKU113,125,16.0,9,82
2025-10-12,SKU114,232,168.0,15,599
2025-10-12,SKU115,25,13.0,4,21
2025-10-12,SKU116,1596,75.0,7,162
2025-10-12,SKU117,118,68.0,13,107
2025-10-12,SKU118,20,15.0,4,18
2025-10-12,SKU119,16,7.0,5,45
2025-10-12,SKU120,40,18.0,3,23
2025-10-12,SKU121,305,157.0,19,237
2025-10-12,SKU122,346,86.0,14,236
2025-10-12,SKU123,1003,13.0,19,207
2025-10-12,SKU124,176,73.0,20,180
2025-10-12,SKU125,6,8.0,3,20
2025-10-12,SKU126,553,184.0,20,407
2025-10-12,SKU127,272,174.0,9,243
2025-10-12,SKU128,205,232.0,20,315
2025-10-12,SKU129,324,41.0,18,179
2025-10-12,SKU130,147,56.0,3,81
2025-10-12,SKU131,27,8.0,11,18
2025-10-12,SKU132,195,133.0,20,234
2025-10-12,SKU133,78,38.0,6,66
2025-10-12,SKU134,41,23.0,12,39
2025-10-12,SKU135,93,52.0,10,94
2025-10-12,SKU136,54,14.0,14,40
2025-10-12,SKU137,22,24.0,15,47
2025-10-12,SKU138,163,45.0,19,164
2025-10-12,SKU139,141,42.0,5,96
2025-10-12,SKU140,65,47.0,10,135
2025-10-12,SKU141,73,15.0,14,177
2025-10-12,SKU142,6,1.0,3,19
2025-10-12,SKU143,56,9.0,3,66
2025-10-12,SKU144,118,18.0,15,85
2025-10-12,SKU145,1450,709.0,19,878
2025-10-12,SKU146,67,10.0,7,44
2025-10-12,SKU147,35,34.0,6,65
2025-10-12,SKU148,896,16.0,5,56
2025-10-12,SKU149,221,71.0,7,165
2025-10-12,SKU150,49,39.0,18,104
2025-10-19,SKU001,16,5.0,4,13
2025-10-19,SKU002,33,52.0,5,74
2025-10-19,SKU003,9,14.0,5,42
2025-10-19,SKU004,269,49.0,21,187
2025-10-19,SKU005,1146,45.0,11,171
2025-10-19,SKU006,378,93.0,17,281
2025-10-19,SKU007,167,59.0,14,89
2025-10-19,SKU008,80,127.0,13,241
2025-10-19,SKU009,274,134.0,14,180
2025-10-19,SKU010,369,5.0,11,52
2025-10-19,SKU011,90,41.0,20,92
2025-10-19,SKU012,1476,103.0,6,101
2025-10-19,SKU013,119,36.0,13,83
2025-10-19,SKU014,297,62.0,15,144
2025-10-19,SKU015,1166,7.0,21,335
2025-10-19,SKU016,1048,15.0,8,125
2025-10-19,SKU017,161,47.0,14,151
2025-10-19,SKU018,45,19.0,12,27
2025-10-19,SKU019,73,111.0,14,205
2025-10-19,SKU020,23,42.0,17,99
2025-10-19,SKU021,65,18.0,16,41
2025-10-19,SKU022,158,322.0,20,773
2025-10-19,SKU023,482,110.0,15,342
2025-10-19,SKU024,12,7.0,17,63
2025-10-19,SKU025,281,147.0,17,203
2025-10-19,SKU026,359,190.0,19,272
2025-10-19,SKU027,168,27.0,14,109
2025-10-19,SKU028,47,10.0,9,38
2025-10-19,SKU029,1226,1.0,21,234
2025-10-19,SKU030,113,25.0,21,86
2025-10-19,SKU031,456,242.0,15,483
2025-10-19,SKU032,136,32.0,15,80
2025-10-19,SKU033,178,88.0,6,106
2025-10-19,SKU034,537,178.0,12,254
2025-10-19,SKU035,202,32.0,10,207
2025-10-19,SKU036,127,35.0,12,71
2025-10-19,SKU037,53,14.0,4,35
2025-10-19,SKU038,48,13.0,12,66
2025-10-19,SKU039,22,17.0,12,65
2025-10-19,SKU040,41,13.0,11,124
2025-10-19,SKU041,62,5.0,11,191
2025-10-19,SKU042,125,32.0,13,82
2025-10-19,SKU043,59,33.0,7,56
2025-10-19,SKU044,91,34.0,20,59
2025-10-19,SKU045,123,59.0,11,86
2025-10-19,SKU046,27,4.0,9,23
2025-10-19,SKU047,229,37.0,14,238
2025-10-19,SKU048,2136,135.0,20,664
2025-10-19,SKU049,27,24.0,17,115
2025-10-19,SKU050,175,23.0,9,146
2025-10-19,SKU051,519,202.0,12,473
2025-10-19,SKU052,8,25.0,12,46
2025-10-19,SKU053,196,88.0,7,241
2025-10-19,SKU054,840,7.0,12,110
2025-10-19,SKU055,783,55.0,5,47
2025-10-19,SKU056,242,53.0,11,187
2025-10-19,SKU057,99,19.0,14,96
2025-10-19,SKU058,243,210.0,18,554
2025-10-19,SKU059,84,63.0,19,294
2025-10-19,SKU060,1149,24.0,16,169
2025-10-19,SKU061,245,103.0,9,193
2025-10-19,SKU062,144,34.0,12,79
2025-10-19,SKU063,62,15.0,5,47
2025-10-19,SKU064,181,59.0,14,179
2025-10-19,SKU065,67,35.0,20,43
2025-10-19,SKU066,260,62.0,11,209
2025-10-19,SKU067,144,34.0,9,97
2025-10-19,SKU068,189,46.0,9,113
2025-10-19,SKU069,19,21.0,6,77
2025-10-19,SKU070,235,60.0,4,162
2025-10-19,SKU071,408,215.0,20,401
2025-10-19,SKU072,101,23.0,12,196
2025-10-19,SKU073,345,53.0,12,215
2025-10-19,SKU074,1134,97.0,18,241
2025-10-19,SKU075,83,34.0,9,47
2025-10-19,SKU076,133,78.0,14,109
2025-10-19,SKU077,42,82.0,10,162
2025-10-19,SKU078,604,195.0,19,526
2025-10-19,SKU079,343,138.0,16,249
2025-10-19,SKU080,476,32.0,16,87
2025-10-19,SKU081,248,72.0,9,155
2025-10-19,SKU082,38,6.0,8,36
2025-10-19,SKU083,92,23.0,5,69
2025-10-19,SKU084,66,6.0,4,38
2025-10-19,SKU085,1202,201.0,20,695
2025-10-19,SKU086,59,110.0,12,187
2025-10-19,SKU087,622,16.0,17,115
2025-10-19,SKU088,10,6.0,3,12
2025-10-19,SKU089,8,12.0,3,29
2025-10-19,SKU090,29,49.0,6,104
2025-10-19,SKU091,870,55.0,12,110
2025-10-19,SKU092,50,24.0,3,33
2025-10-19,SKU093,292,70.0,13,215
2025-10-19,SKU094,92,89.0,5,269
2025-10-19,SKU095,10198,172.0,19,1619
2025-10-19,SKU096,69,73.0,18,169
2025-10-19,SKU097,106,62.0,18,86
2025-10-19,SKU098,341,318.0,17,930
2025-10-19,SKU099,382,173.0,17,294
2025-10-19,SKU100,195,87.0,4,125
2025-10-19,SKU101,54,2.0,14,81
2025-10-19,SKU102,103,44.0,8,95
2025-10-19,SKU103,126,83.0,9,150
2025-10-19,SKU104,64,102.0,18,162
2025-10-19,SKU105,14,3.0,4,25
2025-10-19,SKU106,85,67.0,6,100
2025-10-19,SKU107,77,44.0,12,61
2025-10-19,SKU108,85,52.0,18,86
2025-10-19,SKU109,604,27.0,21,138
2025-10-19,SKU110,25,29.0,16,99
2025-10-19,SKU111,140,153.0,9,404
2025-10-19,SKU112,378,29.0,20,116
2025-10-19,SKU113,165,26.0,16,152
2025-10-19,SKU114,763,104.0,12,453
2025-10-19,SKU115,46,4.0,19,87
2025-10-19,SKU116,335,35.0,9,181
2025-10-19,SKU117,424,12.0,11,88
2025-10-19,SKU118,138,62.0,16,72
2025-10-19,SKU119,247,129.0,18,155
2025-10-19,SKU120,544,5.0,20,178
2025-10-19,SKU121,276,129.0,15,172
2025-10-19,SKU122,852,7.0,15,210
2025-10-19,SKU123,158,58.0,10,89
2025-10-19,SKU124,125,63.0,11,113
2025-10-19,SKU125,225,88.0,20,148
2025-10-19,SKU126,84,61.0,4,97
2025-10-19,SKU127,566,73.0,13,330
2025-10-19,SKU128,207,45.0,7,153
2025-10-19,SKU129,59,30.0,5,55
2025-10-19,SKU130,507,121.0,17,556
2025-10-19,SKU131,29,12.0,19,27
2025-10-19,SKU132,44,26.0,4,35
2025-10-19,SKU133,154,63.0,15,152
2025-10-19,SKU134,256,0.0,20,55
2025-10-19,SKU135,78,82.0,15,130
2025-10-19,SKU136,9,10.0,8,19
2025-10-19,SKU137,35,9.0,9,26
2025-10-19,SKU138,128,38.0,11,87
2025-10-19,SKU139,440,116.0,17,377
2025-10-19,SKU140,190,98.0,12,137
2025-10-19,SKU141,188,32.0,11,131
2025-10-19,SKU142,120,55.0,19,143
2025-10-19,SKU143,151,106.0,8,171
2025-10-19,SKU144,30,6.0,7,34
2025-10-19,SKU145,103,109.0,5,192
2025-10-19,SKU146,69,9.0,21,175
2025-10-19,SKU147,1248,20.0,13,125
2025-10-19,SKU148,96,16.0,8,97
2025-10-19,SKU149,294,147.0,10,203
2025-10-19,SKU150,14,4.0,4,30
2025-10-26,SKU001,69,36.0,19,50
2025-10-26,SKU002,450,223.0,18,306
2025-10-26,SKU003,78,43.0,9,70
2025-10-26,SKU004,137,61.0,19,158
2025-10-26,SKU005,96,22.0,13,201
2025-10-26,SKU006,147,89.0,7,110
2025-10-26,SKU007,160,64.0,14,111
2025-10-26,SKU008,406,205.0,16,263
2025-10-26,SKU009,441,201.0,19,256
2025-10-26,SKU010,32,19.0,16,59
2025-10-26,SKU011,63,11.0,15,59
2025-10-26,SKU012,114,22.0,7,112
2025-10-26,SKU013,34,18.0,4,25
2025-10-26,SKU014,287,101.0,15,193
2025-10-26,SKU015,173,29.0,9,157
2025-10-26,SKU016,1055,56.0,3,41
2025-10-26,SKU017,1186,12.0,8,101
2025-10-26,SKU018,75,34.0,18,47
2025-10-26,SKU019,1270,51.0,20,395
2025-10-26,SKU020,90,32.0,17,80
2025-10-26,SKU021,28,17.0,12,33
2025-10-26,SKU022,376,443.0,21,724
2025-10-26,SKU023,559,303.0,17,369
2025-10-26,SKU024,11,13.0,11,31
2025-10-26,SKU025,98,15.0,8,104
2025-10-26,SKU026,218,128.0,11,132
2025-10-26,SKU027,20,32.0,9,72
2025-10-26,SKU028,18,17.0,10,34
2025-10-26,SKU029,275,109.0,14,172
2025-10-26,SKU030,10,9.0,5,14
2025-10-26,SKU031,407,171.0,8,242
2025-10-26,SKU032,98,48.0,13,70
2025-10-26,SKU033,337,139.0,17,346
2025-10-26,SKU034,250,48.0,19,519
2025-10-26,SKU035,459,222.0,20,449
2025-10-26,SKU036,19,0.0,14,93
2025-10-26,SKU037,212,58.0,16,114
2025-10-26,SKU038,34,15.0,3,22
2025-10-26,SKU039,30,1.0,13,69
2025-10-26,SKU040,115,74.0,11,112
2025-10-26,SKU041,531,76.0,19,259
2025-10-26,SKU042,233,101.0,21,151
2025-10-26,SKU043,596,49.0,20,203
2025-10-26,SKU044,25,7.0,6,17
2025-10-26,SKU045,43,,16,111
2025-10-26,SKU046,38,22.0,13,31
2025-10-26,SKU047,154,26.0,8,97
2025-10-26,SKU048,474,157.0,9,289
2025-10-26,SKU049,106,63.0,13,95
2025-10-26,SKU050,505,53.0,20,326
2025-10-26,SKU051,1109,276.0,17,648
2025-10-26,SKU052,49,9.0,14,55
2025-10-26,SKU053,660,123.0,13,423
2025-10-26,SKU054,91,37.0,8,83
2025-10-26,SKU055,234,41.0,16,143
2025-10-26,SKU056,1527,47.0,10,143
2025-10-26,SKU057,75,56.0,12,79
2025-10-26,SKU058,666,112.0,15,503
2025-10-26,SKU059,26,29.0,7,109
2025-10-26,SKU060,181,55.0,11,143
2025-10-26,SKU061,367,64.0,11,238
2025-10-26,SKU062,11,10.0,6,49
2025-10-26,SKU063,41,21.0,4,31
2025-10-26,SKU064,70,22.0,3,40
2025-10-26,SKU065,62,7.0,15,37
2025-10-26,SKU066,427,68.0,12,274
2025-10-26,SKU067,668,50.0,3,33
2025-10-26,SKU068,225,84.0,13,180
2025-10-26,SKU069,917,24.0,14,186
2025-10-26,SKU070,93,61.0,3,96
2025-10-26,SKU071,559,128.0,21,408
2025-10-26,SKU072,104,56.0,5,80
2025-10-26,SKU073,92,,10,160
2025-10-26,SKU074,248,40.0,12,205
2025-10-26,SKU075,177,94.0,20,147
2025-10-26,SKU076,65,4.0,19,135
2025-10-26,SKU077,212,72.0,12,189
2025-10-26,SKU078,119,45.0,4,123
2025-10-26,SKU079,108,65.0,9,121
2025-10-26,SKU080,146,39.0,19,100
2025-10-26,SKU081,157,72.0,7,115
2025-10-26,SKU082,97,40.0,16,71
2025-10-26,SKU083,46,32.0,15,217
2025-10-26,SKU084,15,15.0,3,30
2025-10-26,SKU085,321,149.0,6,287
2025-10-26,SKU086,160,63.0,8,113
2025-10-26,SKU087,109,32.0,11,71
2025-10-26,SKU088,22,4.0,6,23
2025-10-26,SKU089,311,98.0,19,196
2025-10-26,SKU090,38,18.0,5,69
2025-10-26,SKU091,158,65.0,14,99
2025-10-26,SKU092,101,30.0,10,108
2025-10-26,SKU093,223,32.0,9,111
2025-10-26,SKU094,127,173.0,9,358
2025-10-26,SKU095,1637,291.0,13,1277
2025-10-26,SKU096,216,60.0,13,126
2025-10-26,SKU097,115,53.0,21,79
2025-10-26,SKU098,1024,480.0,18,916
2025-10-26,SKU099,96,71.0,6,108
2025-10-26,SKU100,298,170.0,19,479
2025-10-26,SKU101,201,23.0,17,133
2025-10-26,SKU102,90,26.0,8,89
2025-10-26,SKU103,90,112.0,19,302
2025-10-26,SKU104,115,32.0,11,118
2025-10-26,SKU105,26,5.0,3,26
2025-10-26,SKU106,407,160.0,17,284
2025-10-26,SKU107,49,10.0,8,44
2025-10-26,SKU108,63,11.0,9,41
2025-10-26,SKU109,151,57.0,13,86
2025-10-26,SKU110,12,8.0,4,18
2025-10-26,SKU111,3067,47.0,20,894
2025-10-26,SKU112,29,40.0,13,73
2025-10-26,SKU113,157,31.0,16,138
2025-10-26,SKU114,393,81.0,7,259
2025-10-26,SKU115,26,35.0,16,76
2025-10-26,SKU116,256,36.0,9,245
2025-10-26,SKU117,36,12.0,3,24
2025-10-26,SKU118,36,25.0,13,74
2025-10-26,SKU119,258,54.0,17,162
2025-10-26,SKU120,39,13.0,3,29
2025-10-26,SKU121,67,25.0,4,38
2025-10-26,SKU122,348,44.0,14,177
2025-10-26,SKU123,206,55.0,14,165
2025-10-26,SKU124,262,109.0,18,214
2025-10-26,SKU125,226,23.0,21,135
2025-10-26,SKU126,41,81.0,7,160
2025-10-26,SKU127,1608,29.0,6,192
2025-10-26,SKU128,2011,78.0,6,96
2025-10-26,SKU129,231,69.0,21,220
2025-10-26,SKU130,2585,6.0,12,383
2025-10-26,SKU131,8,11.0,20,31
2025-10-26,SKU132,680,29.0,14,150
2025-10-26,SKU133,238,133.0,21,238
2025-10-26,SKU134,243,6.0,15,55
2025-10-26,SKU135,68,44.0,16,148
2025-10-26,SKU136,71,20.0,16,39
2025-10-26,SKU137,55,24.0,14,57
2025-10-26,SKU138,119,49.0,15,120
2025-10-26,SKU139,1879,22.0,20,476
2025-10-26,SKU140,60,20.0,5,47
2025-10-26,SKU141,186,19.0,11,107
2025-10-26,SKU142,623,24.0,11,71
2025-10-26,SKU143,1838,107.0,5,94
2025-10-26,SKU144,52,45.0,12,71
2025-10-26,SKU145,313,103.0,5,281
2025-10-26,SKU146,28,28.0,15,101
2025-10-26,SKU147,66,13.0,4,49
2025-10-26,SKU148,195,158.0,21,184
2025-10-26,SKU149,393,223.0,16,335
2025-10-26,SKU150,35,10.0,3,21
2025-11-02,SKU001,56,27.0,21,66
2025-11-02,SKU002,197,172.0,18,392
2025-11-02,SKU003,73,107.0,21,175
2025-11-02,SKU004,130,41.0,11,70
2025-11-02,SKU005,1426,9.0,9,149
2025-11-02,SKU006,254,,12,165
2025-11-02,SKU007,50,33.0,6,49
2025-11-02,SKU008,1219,116.0,20,441
2025-11-02,SKU009,200,56.0,9,131
2025-11-02,SKU010,81,30.0,12,43
2025-11-02,SKU011,55,5.0,9,41
2025-11-02,SKU012,294,155.0,13,229
2025-11-02,SKU013,64,30.0,8,46
2025-11-02,SKU014,61,40.0,20,281
2025-11-02,SKU015,1588,40.0,4,55
2025-11-02,SKU016,356,60.0,18,257
2025-11-02,SKU017,242,137.0,21,198
2025-11-02,SKU018,14,2.0,3,8
2025-11-02,SKU019,548,137.0,19,353
2025-11-02,SKU020,560,23.0,17,78
2025-11-02,SKU021,81,10.0,21,45
2025-11-02,SKU022,172,158.0,16,640
2025-11-02,SKU023,98,208.0,15,376
2025-11-02,SKU024,26,10.0,8,26
2025-11-02,SKU025,151,30.0,8,102
2025-11-02,SKU026,244,122.0,12,175
2025-11-02,SKU027,140,42.0,12,76
2025-11-02,SKU028,26,16.0,8,25
2025-11-02,SKU029,1056,53.0,18,189
2025-11-02,SKU030,36,11.0,6,25
2025-11-02,SKU031,739,298.0,18,578
2025-11-02,SKU032,104,13.0,13,77
2025-11-02,SKU033,27,1.0,3,66
2025-11-02,SKU034,88,22.0,3,61
2025-11-02,SKU035,672,158.0,19,332
2025-11-02,SKU036,52,16.0,16,101
2025-11-02,SKU037,66,19.0,5,40
2025-11-02,SKU038,132,42.0,17,118
2025-11-02,SKU039,53,29.0,11,65
2025-11-02,SKU040,67,29.0,7,68
2025-11-02,SKU041,361,116.0,17,247
2025-11-02,SKU042,111,39.0,10,85
2025-11-02,SKU043,77,43.0,9,70
2025-11-02,SKU044,15,6.0,6,18
2025-11-02,SKU045,45,10.0,7,46
2025-11-02,SKU046,269,9.0,6,13
2025-11-02,SKU047,28,32.0,5,74
2025-11-02,SKU048,599,386.0,16,406
2025-11-02,SKU049,46,22.0,14,116
2025-11-02,SKU050,60,35.0,4,65
2025-11-02,SKU051,379,113.0,9,383
2025-11-02,SKU052,114,38.0,20,58
2025-11-02,SKU053,408,175.0,9,274
2025-11-02,SKU054,76,12.0,6,50
2025-11-02,SKU055,928,9.0,7,87
2025-11-02,SKU056,59,9.0,18,258
2025-11-02,SKU057,56,13.0,8,58
2025-11-02,SKU058,153,70.0,4,106
2025-11-02,SKU059,80,37.0,5,56
2025-11-02,SKU060,739,77.0,14,139
2025-11-02,SKU061,119,42.0,14,293
2025-11-02,SKU062,759,3.0,17,136
2025-11-02,SKU063,78,52.0,9,66
2025-11-02,SKU064,270,131.0,13,163
2025-11-02,SKU065,19,7.0,7,19
2025-11-02,SKU066,97,107.0,14,333
2025-11-02,SKU067,597,61.0,4,33
2025-11-02,SKU068,159,37.0,11,148
2025-11-02,SKU069,79,12.0,12,137
2025-11-02,SKU070,303,329.0,19,526
2025-11-02,SKU071,217,128.0,9,184
2025-11-02,SKU072,569,56.0,20,390
2025-11-02,SKU073,442,172.0,15,287
2025-11-02,SKU074,60,56.0,16,199
2025-11-02,SKU075,75,19.0,21,152
2025-11-02,SKU076,113,31.0,10,68
2025-11-02,SKU077,228,85.0,11,141
2025-11-02,SKU078,207,38.0,5,118
2025-11-02,SKU079,105,42.0,6,80
2025-11-02,SKU080,517,29.0,10,62
2025-11-02,SKU081,108,57.0,7,101
2025-11-02,SKU082,92,22.0,13,64
2025-11-02,SKU083,59,23.0,3,38
2025-11-02,SKU084,80,21.0,5,54
2025-11-02,SKU085,4444,280.0,10,378
2025-11-02,SKU086,153,107.0,10,150
2025-11-02,SKU087,132,29.0,15,91
2025-11-02,SKU088,64,24.0,11,46
2025-11-02,SKU089,159,74.0,15,158
2025-11-02,SKU090,40,40.0,7,83
2025-11-02,SKU091,848,38.0,8,55
2025-11-02,SKU092,37,8.0,3,36
2025-11-02,SKU093,336,137.0,18,278
2025-11-02,SKU094,1239,257.0,17,892
2025-11-02,SKU095,3315,956.0,21,1747
2025-11-02,SKU096,937,4.0,15,121
2025-11-02,SKU097,46,24.0,10,50
2025-11-02,SKU098,509,82.0,10,437
2025-11-02,SKU099,209,102.0,10,168
2025-11-02,SKU100,125,251.0,13,435
2025-11-02,SKU101,184,83.0,20,126
2025-11-02,SKU102,176,78.0,14,129
2025-11-02,SKU103,161,56.0,11,198
2025-11-02,SKU104,71,42.0,16,138
2025-11-02,SKU105,87,53.0,13,115
2025-11-02,SKU106,119,89.0,15,184
2025-11-02,SKU107,25,45.0,17,71
2025-11-02,SKU108,36,13.0,17,88
2025-11-02,SKU109,571,44.0,8,60
2025-11-02,SKU110,527,7.0,19,120
2025-11-02,SKU111,252,107.0,6,228
2025-11-02,SKU112,82,40.0,14,79
2025-11-02,SKU113,183,22.0,14,132
2025-11-02,SKU114,610,405.0,19,773
2025-11-02,SKU115,12,14.0,6,34
2025-11-02,SKU116,589,261.0,16,380
2025-11-02,SKU117,27,9.0,3,20
2025-11-02,SKU118,511,9.0,12,77
2025-11-02,SKU119,25,64.0,13,131
2025-11-02,SKU120,832,9.0,6,49
2025-11-02,SKU121,196,129.0,16,161
2025-11-02,SKU122,65,24.0,4,55
2025-11-02,SKU123,60,12.0,4,44
2025-11-02,SKU124,32,33.0,6,70
2025-11-02,SKU125,173,83.0,17,105
2025-11-02,SKU126,1255,19.0,8,136
2025-11-02,SKU127,100,21.0,13,390
2025-11-02,SKU128,406,180.0,20,392
2025-11-02,SKU129,170,57.0,13,158
2025-11-02,SKU130,2620,134.0,11,286
2025-11-02,SKU131,35,7.0,18,21
2025-11-02,SKU132,835,54.0,8,68
2025-11-02,SKU133,156,119.0,17,168
2025-11-02,SKU134,45,,11,38
2025-11-02,SKU135,72,80.0,16,130
2025-11-02,SKU136,33,13.0,14,37
2025-11-02,SKU137,15,1.0,9,38
2025-11-02,SKU138,122,61.0,12,79
2025-11-02,SKU139,1437,132.0,10,212
2025-11-02,SKU140,1165,67.0,14,157
2025-11-02,SKU141,1172,5.0,13,137
2025-11-02,SKU142,209,30.0,20,108
2025-11-02,SKU143,466,260.0,19,363
2025-11-02,SKU144,42,15.0,7,41
2025-11-02,SKU145,795,343.0,10,443
2025-11-02,SKU146,49,17.0,5,31
2025-11-02,SKU147,232,51.0,14,131
2025-11-02,SKU148,232,83.0,14,134
2025-11-02,SKU149,109,28.0,4,80
2025-11-02,SKU150,152,55.0,16,93
2025-11-09,SKU001,32,7.0,11,29
2025-11-09,SKU002,1379,103.0,20,414
2025-11-09,SKU003,34,29.0,7,70
2025-11-09,SKU004,168,109.0,18,153
2025-11-09,SKU005,184,150.0,14,172
2025-11-09,SKU006,52,51.0,9,148
2025-11-09,SKU007,663,12.0,8,50
2025-11-09,SKU008,86,67.0,11,173
2025-11-09,SKU009,245,76.0,15,213
2025-11-09,SKU010,62,17.0,13,48
2025-11-09,SKU011,11,6.0,3,10
2025-11-09,SKU012,106,121.0,19,281
2025-11-09,SKU013,69,20.0,10,57
2025-11-09,SKU014,76,12.0,4,54
2025-11-09,SKU015,96,46.0,4,70
2025-11-09,SKU016,343,125.0,19,338
2025-11-09,SKU017,112,28.0,20,235
2025-11-09,SKU018,7,12.0,9,20
2025-11-09,SKU019,471,164.0,20,299
2025-11-09,SKU020,18,11.0,6,29
2025-11-09,SKU021,8,1.0,3,7
2025-11-09,SKU022,143,160.0,9,298
2025-11-09,SKU023,1316,14.0,16,404
2025-11-09,SKU024,40,16.0,11,27
2025-11-09,SKU025,87,25.0,19,228
2025-11-09,SKU026,973,21.0,12,156
2025-11-09,SKU027,74,2.0,18,142
2025-11-09,SKU028,358,12.0,4,12
2025-11-09,SKU029,14,0.0,4,48
2025-11-09,SKU030,212,13.0,7,30
2025-11-09,SKU031,816,357.0,19,580
2025-11-09,SKU032,464,37.0,11,78
2025-11-09,SKU033,420,151.0,20,420
2025-11-09,SKU034,487,133.0,13,300
2025-11-09,SKU035,1365,104.0,16,302
2025-11-09,SKU036,72,25.0,7,35
2025-11-09,SKU037,46,40.0,6,42
2025-11-09,SKU038,90,21.0,11,72
2025-11-09,SKU039,24,6.0,8,46
2025-11-09,SKU040,29,15.0,7,72
2025-11-09,SKU041,152,76.0,10,135
2025-11-09,SKU042,29,40.0,9,69
2025-11-09,SKU043,74,57.0,15,126
2025-11-09,SKU044,64,32.0,20,51
2025-11-09,SKU045,25,33.0,15,99
2025-11-09,SKU046,39,5.0,11,23
2025-11-09,SKU047,65,14.0,5,79
2025-11-09,SKU048,1027,197.0,20,548
2025-11-09,SKU049,598,3.0,7,50
2025-11-09,SKU050,279,195.0,17,274
2025-11-09,SKU051,2793,37.0,17,755
2025-11-09,SKU052,61,36.0,14,56
2025-11-09,SKU053,530,76.0,11,341
2025-11-09,SKU054,55,28.0,12,123
2025-11-09,SKU055,763,15.0,8,70
2025-11-09,SKU056,25,30.0,4,49
2025-11-09,SKU057,106,68.0,17,108
2025-11-09,SKU058,207,101.0,8,261
2025-11-09,SKU059,324,74.0,14,174
2025-11-09,SKU060,227,89.0,20,232
2025-11-09,SKU061,1515,137.0,15,306
2025-11-09,SKU062,189,31.0,16,109
2025-11-09,SKU063,11,5.0,3,19
2025-11-09,SKU064,168,74.0,8,136
2025-11-09,SKU065,47,15.0,12,24
2025-11-09,SKU066,248,104.0,10,178
2025-11-09,SKU067,241,88.0,15,125
2025-11-09,SKU068,175,97.0,11,169
2025-11-09,SKU069,61,34.0,6,55
2025-11-09,SKU070,48,96.0,5,186
2025-11-09,SKU071,106,28.0,5,81
2025-11-09,SKU072,120,26.0,6,94
2025-11-09,SKU073,202,59.0,11,221
2025-11-09,SKU074,162,87.0,8,119
2025-11-09,SKU075,223,64.0,21,135
2025-11-09,SKU076,168,110.0,21,168
2025-11-09,SKU077,146,146.0,20,321
2025-11-09,SKU078,105,43.0,4,112
2025-11-09,SKU079,767,69.0,12,155
2025-11-09,SKU080,20,7.0,3,16
2025-11-09,SKU081,1241,98.0,9,118
2025-11-09,SKU082,25,20.0,11,52
2025-11-09,SKU083,141,49.0,7,99
2025-11-09,SKU084,47,51.0,10,117
2025-11-09,SKU085,955,280.0,13,587
2025-11-09,SKU086,266,100.0,15,243
2025-11-09,SKU087,73,29.0,12,73
2025-11-09,SKU088,22,40.0,19,70
2025-11-09,SKU089,224,72.0,17,167
2025-11-09,SKU090,365,113.0,18,229
2025-11-09,SKU091,111,43.0,8,61
2025-11-09,SKU092,166,42.0,9,80
2025-11-09,SKU093,73,16.0,4,53
2025-11-09,SKU094,841,229.0,12,541
2025-11-09,SKU095,2096,750.0,13,1207
2025-11-09,SKU096,132,81.0,12,137
2025-11-09,SKU097,73,46.0,16,61
2025-11-09,SKU098,1119,362.0,20,809
2025-11-09,SKU099,1220,98.0,8,130
2025-11-09,SKU100,700,259.0,15,381
2025-11-09,SKU101,118,51.0,16,105
2025-11-09,SKU102,47,39.0,9,114
2025-11-09,SKU103,231,159.0,16,267
2025-11-09,SKU104,70,46.0,8,85
2025-11-09,SKU105,113,79.0,17,123
2025-11-09,SKU106,43,24.0,15,179
2025-11-09,SKU107,66,30.0,14,62
2025-11-09,SKU108,90,46.0,14,64
2025-11-09,SKU109,182,37.0,18,110
2025-11-09,SKU110,145,41.0,18,88
2025-11-09,SKU111,360,311.0,17,573
2025-11-09,SKU112,57,7.0,8,46
2025-11-09,SKU113,554,47.0,15,139
2025-11-09,SKU114,765,123.0,12,390
2025-11-09,SKU115,307,17.0,16,95
2025-11-09,SKU116,690,152.0,20,457
2025-11-09,SKU117,115,83.0,17,122
2025-11-09,SKU118,55,10.0,8,44
2025-11-09,SKU119,62,7.0,4,32
2025-11-09,SKU120,67,68.0,13,133
2025-11-09,SKU121,63,70.0,16,181
2025-11-09,SKU122,69,41.0,4,65
2025-11-09,SKU123,202,72.0,21,202
2025-11-09,SKU124,106,26.0,10,99
2025-11-09,SKU125,182,50.0,20,127
2025-11-09,SKU126,720,210.0,21,397
2025-11-09,SKU127,514,103.0,11,313
2025-11-09,SKU128,84,19.0,3,55
2025-11-09,SKU129,55,20.0,14,171
2025-11-09,SKU130,349,261.0,12,378
2025-11-09,SKU131,23,3.0,11,13
2025-11-09,SKU132,148,43.0,14,151
2025-11-09,SKU133,51,59.0,17,157
2025-11-09,SKU134,217,16.0,5,17
2025-11-09,SKU135,868,50.0,7,76
2025-11-09,SKU136,277,11.0,7,16
2025-11-09,SKU137,286,4.0,21,88
2025-11-09,SKU138,660,2.0,15,122
2025-11-09,SKU139,2377,14.0,21,519
2025-11-09,SKU140,172,49.0,9,99
2025-11-09,SKU141,251,120.0,20,238
2025-11-09,SKU142,21,6.0,6,36
2025-11-09,SKU143,425,201.0,14,273
2025-11-09,SKU144,22,12.0,4,23
2025-11-09,SKU145,350,240.0,7,360
2025-11-09,SKU146,39,13.0,13,81
2025-11-09,SKU147,56,8.0,3,34
2025-11-09,SKU148,39,69.0,11,131
2025-11-09,SKU149,394,154.0,11,268
2025-11-09,SKU150,67,13.0,19,105
2025-11-16,SKU001,175,18.0,11,28
2025-11-16,SKU002,184,91.0,7,150
2025-11-16,SKU003,194,26.0,18,133
2025-11-16,SKU004,113,16.0,9,68
2025-11-16,SKU005,136,82.0,9,120
2025-11-16,SKU006,1194,64.0,8,150
2025-11-16,SKU007,83,25.0,7,48
2025-11-16,SKU008,88,42.0,3,65
2025-11-16,SKU009,261,55.0,14,174
2025-11-16,SKU010,128,43.0,21,80
2025-11-16,SKU011,118,27.0,18,83
2025-11-16,SKU012,138,122.0,10,129
2025-11-16,SKU013,599,5.0,7,40
2025-11-16,SKU014,62,27.0,4,38
2025-11-16,SKU015,44,97.0,11,138
2025-11-16,SKU016,81,36.0,5,84
2025-11-16,SKU017,359,51.0,19,184
2025-11-16,SKU018,27,8.0,6,20
2025-11-16,SKU019,135,26.0,6,119
2025-11-16,SKU020,35,9.0,4,20
2025-11-16,SKU021,183,11.0,10,21
2025-11-16,SKU022,790,460.0,18,699
2025-11-16,SKU023,260,53.0,20,487
2025-11-16,SKU024,23,28.0,15,52
2025-11-16,SKU025,49,15.0,12,160
2025-11-16,SKU026,81,36.0,18,268
2025-11-16,SKU027,13,25.0,6,48
2025-11-16,SKU028,8,7.0,6,19
2025-11-16,SKU029,56,47.0,9,112
2025-11-16,SKU030,84,36.0,16,48
2025-11-16,SKU031,595,176.0,16,514
2025-11-16,SKU032,477,34.0,7,50
2025-11-16,SKU033,376,142.0,11,264
2025-11-16,SKU034,200,82.0,7,195
2025-11-16,SKU035,149,208.0,19,448
2025-11-16,SKU036,19,14.0,6,32
2025-11-16,SKU037,87,22.0,10,77
2025-11-16,SKU038,45,5.0,4,24
2025-11-16,SKU039,28,6.0,5,32
2025-11-16,SKU040,26,26.0,6,69
2025-11-16,SKU041,252,85.0,14,280
2025-11-16,SKU042,597,17.0,13,104
2025-11-16,SKU043,42,4.0,12,86
2025-11-16,SKU044,73,16.0,16,49
2025-11-16,SKU045,413,11.0,7,50
2025-11-16,SKU046,13,9.0,9,20
2025-11-16,SKU047,15,37.0,5,58
2025-11-16,SKU048,2817,170.0,10,302
2025-11-16,SKU049,34,33.0,11,89
2025-11-16,SKU050,184,156.0,14,212
2025-11-16,SKU051,295,116.0,5,161
2025-11-16,SKU052,5,8.0,5,15
2025-11-16,SKU053,122,249.0,16,547
2025-11-16,SKU054,174,20.0,14,140
2025-11-16,SKU055,209,107.0,20,211
2025-11-16,SKU056,1003,4.0,12,154
2025-11-16,SKU057,33,26.0,10,58
2025-11-16,SKU058,757,150.0,21,621
2025-11-16,SKU059,206,64.0,10,118
2025-11-16,SKU060,243,135.0,17,217
2025-11-16,SKU061,356,65.0,10,164
2025-11-16,SKU062,15,17.0,9,74
2025-11-16,SKU063,91,19.0,11,106
2025-11-16,SKU064,126,74.0,9,156
2025-11-16,SKU065,67,16.0,19,50
2025-11-16,SKU066,243,143.0,19,348
2025-11-16,SKU067,987,5.0,7,78
2025-11-16,SKU068,72,36.0,4,54
2025-11-16,SKU069,234,91.0,17,218
2025-11-16,SKU070,447,214.0,12,445
2025-11-16,SKU071,408,78.0,15,319
2025-11-16,SKU072,497,91.0,20,285
2025-11-16,SKU073,259,103.0,11,214
2025-11-16,SKU074,204,106.0,14,202
2025-11-16,SKU075,106,31.0,12,75
2025-11-16,SKU076,237,102.0,21,159
2025-11-16,SKU077,262,65.0,20,261
2025-11-16,SKU078,960,293.0,21,468
2025-11-16,SKU079,950,32.0,10,157
2025-11-16,SKU080,6,10.0,3,14
2025-11-16,SKU081,440,201.0,16,256
2025-11-16,SKU082,70,16.0,18,90
2025-11-16,SKU083,174,81.0,7,88
2025-11-16,SKU084,140,50.0,8,91
2025-11-16,SKU085,4511,124.0,13,622
2025-11-16,SKU086,151,47.0,8,98
2025-11-16,SKU087,488,15.0,11,51
2025-11-16,SKU088,34,12.0,7,27
2025-11-16,SKU089,90,26.0,17,187
2025-11-16,SKU090,69,19.0,3,40
2025-11-16,SKU091,32,19.0,8,65
2025-11-16,SKU092,225,31.0,16,171
2025-11-16,SKU093,1518,88.0,9,102
2025-11-16,SKU094,260,101.0,21,1033
2025-11-16,SKU095,1705,852.0,12,1156
2025-11-16,SKU096,234,74.0,14,124
2025-11-16,SKU097,102,24.0,14,56
2025-11-16,SKU098,230,149.0,11,466
2025-11-16,SKU099,1384,59.0,6,89
2025-11-16,SKU100,626,373.0,18,476
2025-11-16,SKU101,51,23.0,5,29
2025-11-16,SKU102,151,80.0,10,109
2025-11-16,SKU103,119,116.0,13,175
2025-11-16,SKU104,160,51.0,15,108
2025-11-16,SKU105,177,30.0,15,90
2025-11-16,SKU106,497,195.0,21,302
2025-11-16,SKU107,72,27.0,13,65
2025-11-16,SKU108,29,34.0,14,59
2025-11-16,SKU109,557,30.0,10,60
2025-11-16,SKU110,84,17.0,14,67
2025-11-16,SKU111,856,330.0,19,758
2025-11-16,SKU112,33,24.0,6,32
2025-11-16,SKU113,109,29.0,9,61
2025-11-16,SKU114,311,35.0,6,182
2025-11-16,SKU115,88,45.0,13,71
2025-11-16,SKU116,210,90.0,7,167
2025-11-16,SKU117,196,94.0,18,148
2025-11-16,SKU118,111,34.0,18,81
2025-11-16,SKU119,111,61.0,9,79
2025-11-16,SKU120,92,32.0,18,164
2025-11-16,SKU121,256,83.0,18,178
2025-11-16,SKU122,106,60.0,6,77
2025-11-16,SKU123,37,2.0,13,117
2025-11-16,SKU124,197,63.0,14,119
2025-11-16,SKU125,235,59.0,21,127
2025-11-16,SKU126,665,277.0,20,444
2025-11-16,SKU127,2202,5.0,6,161
2025-11-16,SKU128,551,288.0,21,412
2025-11-16,SKU129,14,18.0,3,31
2025-11-16,SKU130,357,141.0,12,291
2025-11-16,SKU131,27,16.0,15,17
2025-11-16,SKU132,144,48.0,10,89
2025-11-16,SKU133,80,47.0,8,83
2025-11-16,SKU134,46,22.0,12,36
2025-11-16,SKU135,77,57.0,18,202
2025-11-16,SKU136,54,32.0,17,51
2025-11-16,SKU137,363,2.0,5,15
2025-11-16,SKU138,107,25.0,10,73
2025-11-16,SKU139,1622,23.0,6,123
2025-11-16,SKU140,101,59.0,8,97
2025-11-16,SKU141,186,99.0,13,136
2025-11-16,SKU142,101,26.0,9,47
2025-11-16,SKU143,363,202.0,21,461
2025-11-16,SKU144,131,30.0,17,77
2025-11-16,SKU145,126,55.0,3,143
2025-11-16,SKU146,11,12.0,4,28
2025-11-16,SKU147,268,109.0,19,219
2025-11-16,SKU148,133,96.0,12,132
2025-11-16,SKU149,176,51.0,7,163
2025-11-16,SKU150,39,7.0,4,28
2025-11-23,SKU001,48,18.0,10,31
2025-11-23,SKU002,80,37.0,8,123
2025-11-23,SKU003,900,19.0,18,146
2025-11-23,SKU004,235,88.0,18,158
2025-11-23,SKU005,1572,14.0,15,208
2025-11-23,SKU006,187,66.0,7,132
2025-11-23,SKU007,24,7.0,3,17
2025-11-23,SKU008,74,66.0,12,231
2025-11-23,SKU009,1506,45.0,16,236
2025-11-23,SKU010,374,11.0,4,18
2025-11-23,SKU011,25,11.0,5,21
2025-11-23,SKU012,36,64.0,7,120
2025-11-23,SKU013,140,48.0,14,75
2025-11-23,SKU014,72,25.0,5,62
2025-11-23,SKU015,367,140.0,18,293
2025-11-23,SKU016,73,29.0,3,46
2025-11-23,SKU017,1138,10.0,11,139
2025-11-23,SKU018,24,11.0,6,18
2025-11-23,SKU019,96,33.0,5,92
2025-11-23,SKU020,79,41.0,13,58
2025-11-23,SKU021,181,7.0,11,24
2025-11-23,SKU022,350,136.0,10,356
2025-11-23,SKU023,209,110.0,10,251
2025-11-23,SKU024,81,40.0,21,72
2025-11-23,SKU025,176,67.0,10,97
2025-11-23,SKU026,73,32.0,3,50
2025-11-23,SKU027,92,16.0,10,62
2025-11-23,SKU028,334,0.0,15,46
2025-11-23,SKU029,143,37.0,9,112
2025-11-23,SKU030,23,13.0,5,17
2025-11-23,SKU031,278,111.0,7,245
2025-11-23,SKU032,158,24.0,18,116
2025-11-23,SKU033,201,148.0,16,350
2025-11-23,SKU034,385,128.0,13,386
2025-11-23,SKU035,1920,81.0,16,303
2025-11-23,SKU036,133,57.0,17,87
2025-11-23,SKU037,78,2.0,19,131
2025-11-23,SKU038,34,11.0,4,26
2025-11-23,SKU039,106,54.0,16,70
2025-11-23,SKU040,47,18.0,3,35
2025-11-23,SKU041,389,174.0,14,195
2025-11-23,SKU042,137,60.0,16,97
2025-11-23,SKU043,194,85.0,18,127
2025-11-23,SKU044,55,33.0,17,53
2025-11-23,SKU045,58,36.0,8,58
2025-11-23,SKU046,23,3.0,6,18
2025-11-23,SKU047,383,181.0,17,243
2025-11-23,SKU048,465,151.0,15,425
2025-11-23,SKU049,110,62.0,13,103
2025-11-23,SKU050,244,183.0,16,243
2025-11-23,SKU051,642,292.0,10,410
2025-11-23,SKU052,14,4.0,3,9
2025-11-23,SKU053,292,158.0,7,226
2025-11-23,SKU054,229,75.0,18,136
2025-11-23,SKU055,163,96.0,17,173
2025-11-23,SKU056,169,27.0,11,151
2025-11-23,SKU057,40,11.0,4,25
2025-11-23,SKU058,832,237.0,17,493
2025-11-23,SKU059,321,115.0,15,221
2025-11-23,SKU060,155,42.0,8,104
2025-11-23,SKU061,63,14.0,6,133
2025-11-23,SKU062,178,61.0,20,160
2025-11-23,SKU063,862,45.0,17,115
2025-11-23,SKU064,1179,66.0,17,292
2025-11-23,SKU065,19,7.0,5,9
2025-11-23,SKU066,2029,37.0,21,416
2025-11-23,SKU067,274,58.0,17,138
2025-11-23,SKU068,139,23.0,21,244
2025-11-23,SKU069,325,124.0,17,227
2025-11-23,SKU070,2137,125.0,5,185
2025-11-23,SKU071,82,29.0,3,56
2025-11-23,SKU072,1297,108.0,5,104
2025-11-23,SKU073,315,173.0,18,363
2025-11-23,SKU074,331,89.0,14,213
2025-11-23,SKU075,28,11.0,3,22
2025-11-23,SKU076,595,30.0,4,23
2025-11-23,SKU077,898,49.0,11,170
2025-11-23,SKU078,464,71.0,13,313
2025-11-23,SKU079,117,60.0,15,230
2025-11-23,SKU080,104,32.0,17,85
2025-11-23,SKU081,1348,58.0,20,351
2025-11-23,SKU082,34,27.0,17,82
2025-11-23,SKU083,1516,3.0,11,152
2025-11-23,SKU084,646,64.0,12,108
2025-11-23,SKU085,2927,258.0,17,702
2025-11-23,SKU086,524,176.0,20,305
2025-11-23,SKU087,6,3.0,4,24
2025-11-23,SKU088,18,11.0,10,36
2025-11-23,SKU089,327,74.0,19,191
2025-11-23,SKU090,124,50.0,8,108
2025-11-23,SKU091,92,7.0,20,159
2025-11-23,SKU092,359,123.0,21,261
2025-11-23,SKU093,1006,27.0,9,122
2025-11-23,SKU094,474,181.0,9,414
2025-11-23,SKU095,1895,1070.0,14,1563
2025-11-23,SKU096,268,62.0,18,148
2025-11-23,SKU097,305,14.0,17,81
2025-11-23,SKU098,842,402.0,13,654
2025-11-23,SKU099,496,140.0,21,350
2025-11-23,SKU100,2783,76.0,14,406
2025-11-23,SKU101,10,11.0,4,23
2025-11-23,SKU102,116,38.0,9,86
2025-11-23,SKU103,421,67.0,16,293
2025-11-23,SKU104,82,23.0,16,153
2025-11-23,SKU105,778,19.0,21,133
2025-11-23,SKU106,50,9.0,3,44
2025-11-23,SKU107,70,13.0,12,53
2025-11-23,SKU108,37,15.0,8,43
2025-11-23,SKU109,687,0.0,10,59
2025-11-23,SKU110,89,35.0,11,60
2025-11-23,SKU111,463,249.0,12,387
2025-11-23,SKU112,59,22.0,7,32
2025-11-23,SKU113,25,0.0,7,58
2025-11-23,SKU114,541,141.0,16,584
2025-11-23,SKU115,116,58.0,16,69
2025-11-23,SKU116,120,68.0,4,88
2025-11-23,SKU117,114,16.0,10,83
2025-11-23,SKU118,88,48.0,14,70
2025-11-23,SKU119,990,52.0,7,76
2025-11-23,SKU120,31,16.0,3,23
2025-11-23,SKU121,1167,31.0,20,205
2025-11-23,SKU122,125,79.0,8,121
2025-11-23,SKU123,135,44.0,9,81
2025-11-23,SKU124,335,132.0,21,221
2025-11-23,SKU125,17,40.0,12,85
2025-11-23,SKU126,181,111.0,10,180
2025-11-23,SKU127,257,196.0,10,292
2025-11-23,SKU128,472,112.0,19,414
2025-11-23,SKU129,35,40.0,10,116
2025-11-23,SKU130,73,87.0,10,300
2025-11-23,SKU131,86,5.0,19,27
2025-11-23,SKU132,179,117.0,14,131
2025-11-23,SKU133,703,34.0,11,92
2025-11-23,SKU134,6,7.0,4,14
2025-11-23,SKU135,195,68.0,21,190
2025-11-23,SKU136,47,19.0,13,32
2025-11-23,SKU137,14,16.0,12,37
2025-11-23,SKU138,253,42.0,20,150
2025-11-23,SKU139,683,261.0,21,524
2025-11-23,SKU140,15,18.0,3,34
2025-11-23,SKU141,58,92.0,21,239
2025-11-23,SKU142,89,36.0,9,55
2025-11-23,SKU143,122,49.0,13,247
2025-11-23,SKU144,120,21.0,21,114
2025-11-23,SKU145,941,512.0,16,777
2025-11-23,SKU146,8,11.0,3,17
2025-11-23,SKU147,114,71.0,20,217
2025-11-23,SKU148,195,37.0,14,125
2025-11-23,SKU149,76,44.0,3,69
2025-11-23,SKU150,717,7.0,15,105
2025-11-30,SKU001,20,3.0,5,11
2025-11-30,SKU002,355,160.0,14,219
2025-11-30,SKU003,167,61.0,21,188
2025-11-30,SKU004,183,54.0,15,140
2025-11-30,SKU005,888,61.0,12,149
2025-11-30,SKU006,406,169.0,20,313
2025-11-30,SKU007,669,2.0,21,130
2025-11-30,SKU008,250,83.0,8,171
2025-11-30,SKU009,84,18.0,5,62
2025-11-30,SKU010,70,19.0,10,42
2025-11-30,SKU011,49,14.0,8,35
2025-11-30,SKU012,337,185.0,19,300
2025-11-30,SKU013,35,40.0,15,79
2025-11-30,SKU014,15,12.0,4,47
2025-11-30,SKU015,106,24.0,5,85
2025-11-30,SKU016,80,69.0,12,213
2025-11-30,SKU017,52,13.0,3,28
2025-11-30,SKU018,62,12.0,13,44
2025-11-30,SKU019,287,128.0,10,192
2025-11-30,SKU020,74,29.0,8,41
2025-11-30,SKU021,32,15.0,12,26
2025-11-30,SKU022,219,298.0,15,454
2025-11-30,SKU023,164,111.0,13,336
2025-11-30,SKU024,34,9.0,12,43
2025-11-30,SKU025,121,68.0,8,76
2025-11-30,SKU026,67,55.0,5,68
2025-11-30,SKU027,13,16.0,6,38
2025-11-30,SKU028,75,47.0,18,70
2025-11-30,SKU029,116,45.0,7,69
2025-11-30,SKU030,55,23.0,10,41
2025-11-30,SKU031,158,32.0,3,95
2025-11-30,SKU032,16,5.0,3,19
2025-11-30,SKU033,165,80.0,6,125
2025-11-30,SKU034,38,18.0,3,83
2025-11-30,SKU035,143,41.0,6,118
2025-11-30,SKU036,130,47.0,13,76
2025-11-30,SKU037,871,17.0,10,91
2025-11-30,SKU038,30,9.0,5,35
2025-11-30,SKU039,122,60.0,15,80
2025-11-30,SKU040,760,30.0,9,97
2025-11-30,SKU041,81,15.0,18,307
2025-11-30,SKU042,26,3.0,6,49
2025-11-30,SKU043,40,18.0,10,85
2025-11-30,SKU044,49,14.0,20,52
2025-11-30,SKU045,30,12.0,10,59
2025-11-30,SKU046,12,5.0,3,6
2025-11-30,SKU047,41,55.0,6,98
2025-11-30,SKU048,823,470.0,20,713
2025-11-30,SKU049,532,,6,51
2025-11-30,SKU050,136,67.0,9,106
2025-11-30,SKU051,4195,104.0,8,287
2025-11-30,SKU052,21,6.0,4,12
2025-11-30,SKU053,106,20.0,10,334
2025-11-30,SKU054,539,54.0,16,113
2025-11-30,SKU055,663,9.0,19,175
2025-11-30,SKU056,52,63.0,8,115
2025-11-30,SKU057,471,2.0,10,67
2025-11-30,SKU058,364,129.0,11,341
2025-11-30,SKU059,113,23.0,6,88
2025-11-30,SKU060,956,44.0,5,54
2025-11-30,SKU061,425,69.0,13,225
2025-11-30,SKU062,57,37.0,14,112
2025-11-30,SKU063,31,31.0,10,72
2025-11-30,SKU064,97,24.0,7,116
2025-11-30,SKU065,31,11.0,10,25
2025-11-30,SKU066,182,61.0,8,152
2025-11-30,SKU067,174,51.0,13,151
2025-11-30,SKU068,53,35.0,4,46
2025-11-30,SKU069,913,55.0,16,190
2025-11-30,SKU070,1029,338.0,18,542
2025-11-30,SKU071,49,30.0,5,99
2025-11-30,SKU072,138,38.0,8,155
2025-11-30,SKU073,45,38.0,3,40
2025-11-30,SKU074,39,24.0,11,142
2025-11-30,SKU075,5,4.0,3,20
2025-11-30,SKU076,59,32.0,8,60
2025-11-30,SKU077,274,89.0,17,275
2025-11-30,SKU078,520,275.0,19,576
2025-11-30,SKU079,278,166.0,18,279
2025-11-30,SKU080,530,17.0,18,106
2025-11-30,SKU081,475,206.0,20,298
2025-11-30,SKU082,13,14.0,10,38
2025-11-30,SKU083,261,95.0,12,185
2025-11-30,SKU084,673,9.0,6,55
2025-11-30,SKU085,597,493.0,15,736
2025-11-30,SKU086,290,95.0,15,193
2025-11-30,SKU087,51,64.0,21,116
2025-11-30,SKU088,4,5.0,3,11
2025-11-30,SKU089,812,29.0,21,221
2025-11-30,SKU090,240,147.0,14,228
2025-11-30,SKU091,96,61.0,11,94
2025-11-30,SKU092,980,47.0,7,87
2025-11-30,SKU093,25,26.0,5,62
2025-11-30,SKU094,769,140.0,9,500
2025-11-30,SKU095,1951,493.0,16,1412
2025-11-30,SKU096,306,68.0,21,235
2025-11-30,SKU097,305,9.0,13,50
2025-11-30,SKU098,1097,732.0,20,902
2025-11-30,SKU099,252,132.0,11,153
2025-11-30,SKU100,84,40.0,3,94
2025-11-30,SKU101,46,0.0,19,139
2025-11-30,SKU102,71,19.0,6,70
2025-11-30,SKU103,1493,7.0,14,237
2025-11-30,SKU104,187,64.0,17,157
2025-11-30,SKU105,27,5.0,7,60
2025-11-30,SKU106,21,6.0,3,46
2025-11-30,SKU107,72,12.0,13,53
2025-11-30,SKU108,412,3.0,8,44
2025-11-30,SKU109,76,16.0,8,63
2025-11-30,SKU110,74,15.0,10,64
2025-11-30,SKU111,4049,71.0,3,117
2025-11-30,SKU112,50,12.0,7,42
2025-11-30,SKU113,75,21.0,9,85
2025-11-30,SKU114,3443,156.0,8,333
2025-11-30,SKU115,85,16.0,18,86
2025-11-30,SKU116,410,200.0,15,395
2025-11-30,SKU117,50,30.0,6,42
2025-11-30,SKU118,102,21.0,21,135
2025-11-30,SKU119,140,116.0,17,141
2025-11-30,SKU120,153,132.0,18,153
2025-11-30,SKU121,200,26.0,12,129
2025-11-30,SKU122,80,4.0,10,119
2025-11-30,SKU123,317,88.0,21,170
2025-11-30,SKU124,32,33.0,6,70
2025-11-30,SKU125,43,57.0,16,126
2025-11-30,SKU126,229,98.0,11,198
2025-11-30,SKU127,505,176.0,20,472
2025-11-30,SKU128,438,96.0,17,379
2025-11-30,SKU129,670,51.0,3,28
2025-11-30,SKU130,22,6.0,3,78
2025-11-30,SKU131,118,1.0,15,22
2025-11-30,SKU132,65,39.0,16,166
2025-11-30,SKU133,44,19.0,4,36
2025-11-30,SKU134,58,23.0,18,44
2025-11-30,SKU135,45,16.0,5,43
2025-11-30,SKU136,24,4.0,10,28
2025-11-30,SKU137,90,48.0,20,74
2025-11-30,SKU138,120,20.0,11,82
2025-11-30,SKU139,173,36.0,5,126
2025-11-30,SKU140,49,5.0,3,29
2025-11-30,SKU141,797,3.0,16,184
2025-11-30,SKU142,75,15.0,7,51
2025-11-30,SKU143,1612,8.0,15,307
2025-11-30,SKU144,108,47.0,14,78
2025-11-30,SKU145,254,61.0,4,209
2025-11-30,SKU146,90,13.0,8,53
2025-11-30,SKU147,1110,24.0,8,109
2025-11-30,SKU148,312,132.0,20,245
2025-11-30,SKU149,218,113.0,10,173
2025-11-30,SKU150,716,14.0,4,32
2025-12-07,SKU001,35,10.0,13,40
2025-12-07,SKU002,1145,69.0,20,312
2025-12-07,SKU003,274,101.0,19,188
2025-12-07,SKU004,217,39.0,19,145
2025-12-07,SKU005,1597,12.0,11,186
2025-12-07,SKU006,90,14.0,4,77
2025-12-07,SKU007,34,11.0,5,37
2025-12-07,SKU008,346,239.0,19,356
2025-12-07,SKU009,63,20.0,8,99
2025-12-07,SKU010,66,18.0,10,47
2025-12-07,SKU011,50,9.0,13,57
2025-12-07,SKU012,46,19.0,3,53
2025-12-07,SKU013,8,13.0,5,32
2025-12-07,SKU014,287,129.0,18,215
2025-12-07,SKU015,193,67.0,9,121
2025-12-07,SKU016,359,64.0,13,221
2025-12-07,SKU017,192,106.0,15,179
2025-12-07,SKU018,46,12.0,12,32
2025-12-07,SKU019,81,49.0,5,77
2025-12-07,SKU020,23,7.0,10,53
2025-12-07,SKU021,7,10.0,8,21
2025-12-07,SKU022,247,184.0,8,296
2025-12-07,SKU023,618,95.0,18,480
2025-12-07,SKU024,78,33.0,18,66
2025-12-07,SKU025,739,47.0,18,228
2025-12-07,SKU026,20,3.0,4,69
2025-12-07,SKU027,172,84.0,16,100
2025-12-07,SKU028,27,4.0,7,26
2025-12-07,SKU029,1201,38.0,12,133
2025-12-07,SKU030,23,1.0,14,51
2025-12-07,SKU031,635,174.0,15,419
2025-12-07,SKU032,6,8.0,3,16
2025-12-07,SKU033,379,61.0,17,334
2025-12-07,SKU034,629,242.0,15,409
2025-12-07,SKU035,191,74.0,6,114
2025-12-07,SKU036,455,0.0,7,46
2025-12-07,SKU037,43,30.0,9,89
2025-12-07,SKU038,112,60.0,13,85
2025-12-07,SKU039,50,28.0,10,58
2025-12-07,SKU040,86,115.0,19,168
2025-12-07,SKU041,191,103.0,12,205
2025-12-07,SKU042,69,11.0,6,41
2025-12-07,SKU043,11,17.0,4,32
2025-12-07,SKU044,247,14.0,19,41
2025-12-07,SKU045,453,7.0,7,58
2025-12-07,SKU046,20,13.0,7,20
2025-12-07,SKU047,25,39.0,5,77
2025-12-07,SKU048,140,74.0,14,480
2025-12-07,SKU049,114,23.0,10,63
2025-12-07,SKU050,315,150.0,19,253
2025-12-07,SKU051,1123,426.0,20,769
2025-12-07,SKU052,290,23.0,13,44
2025-12-07,SKU053,138,41.0,12,312
2025-12-07,SKU054,36,89.0,20,162
2025-12-07,SKU055,126,38.0,20,235
2025-12-07,SKU056,113,34.0,5,75
2025-12-07,SKU057,33,5.0,21,137
2025-12-07,SKU058,2806,95.0,8,182
2025-12-07,SKU059,124,43.0,21,286
2025-12-07,SKU060,73,44.0,5,55
2025-12-07,SKU061,264,147.0,14,258
2025-12-07,SKU062,114,36.0,16,101
2025-12-07,SKU063,123,48.0,10,79
2025-12-07,SKU064,344,50.0,14,174
2025-12-07,SKU065,190,5.0,7,16
2025-12-07,SKU066,35,33.0,6,147
2025-12-07,SKU067,311,75.0,21,228
2025-12-07,SKU068,106,74.0,9,117
2025-12-07,SKU069,208,110.0,13,166
2025-12-07,SKU070,547,218.0,13,437
2025-12-07,SKU071,186,117.0,10,146
2025-12-07,SKU072,157,127.0,17,303
2025-12-07,SKU073,1656,,14,263
2025-12-07,SKU074,1327,58.0,11,190
2025-12-07,SKU075,73,23.0,12,65
2025-12-07,SKU076,35,7.0,3,19
2025-12-07,SKU077,29,63.0,8,92
2025-12-07,SKU078,195,84.0,5,139
2025-12-07,SKU079,47,76.0,17,205
2025-12-07,SKU080,18,5.0,3,17
2025-12-07,SKU081,46,10.0,3,53
2025-12-07,SKU082,99,16.0,15,66
2025-12-07,SKU083,55,23.0,3,36
2025-12-07,SKU084,30,34.0,7,81
2025-12-07,SKU085,199,138.0,16,648
2025-12-07,SKU086,100,56.0,5,70
2025-12-07,SKU087,30,26.0,9,50
2025-12-07,SKU088,4,5.0,4,14
2025-12-07,SKU089,141,66.0,10,118
2025-12-07,SKU090,91,27.0,5,85
2025-12-07,SKU091,51,55.0,16,152
2025-12-07,SKU092,41,50.0,10,85
2025-12-07,SKU093,188,157.0,14,215
2025-12-07,SKU094,1428,815.0,21,1064
2025-12-07,SKU095,7276,209.0,7,632
2025-12-07,SKU096,69,26.0,7,77
2025-12-07,SKU097,10,4.0,8,31
2025-12-07,SKU098,4115,145.0,18,998
2025-12-07,SKU099,361,58.0,14,231
2025-12-07,SKU100,385,54.0,8,196
2025-12-07,SKU101,550,6.0,6,43
2025-12-07,SKU102,127,60.0,7,74
2025-12-07,SKU103,35,20.0,7,89
2025-12-07,SKU104,615,28.0,20,211
2025-12-07,SKU105,9,8.0,3,19
2025-12-07,SKU106,263,39.0,15,178
2025-12-07,SKU107,22,30.0,11,49
2025-12-07,SKU108,47,16.0,6,30
2025-12-07,SKU109,52,3.0,18,111
2025-12-07,SKU110,56,23.0,9,48
2025-12-07,SKU111,1085,494.0,16,628
2025-12-07,SKU112,46,16.0,19,101
2025-12-07,SKU113,172,21.0,13,113
2025-12-07,SKU114,829,142.0,21,622
2025-12-07,SKU115,54,12.0,11,65
2025-12-07,SKU116,384,85.0,9,193
2025-12-07,SKU117,41,5.0,4,23
2025-12-07,SKU118,36,42.0,13,68
2025-12-07,SKU119,46,7.0,9,98
2025-12-07,SKU120,21,8.0,6,52
2025-12-07,SKU121,257,76.0,14,157
2025-12-07,SKU122,388,81.0,19,317
2025-12-07,SKU123,300,112.0,17,177
2025-12-07,SKU124,57,45.0,6,56
2025-12-07,SKU125,36,5.0,10,58
2025-12-07,SKU126,73,42.0,10,214
2025-12-07,SKU127,121,63.0,5,134
2025-12-07,SKU128,1886,18.0,11,230
2025-12-07,SKU129,58,47.0,19,234
2025-12-07,SKU130,232,91.0,6,213
2025-12-07,SKU131,6,10.0,13,20
2025-12-07,SKU132,1126,17.0,20,198
2025-12-07,SKU133,83,46.0,15,149
2025-12-07,SKU134,16,4.0,4,14
2025-12-07,SKU135,1030,26.0,15,160
2025-12-07,SKU136,229,16.0,17,45
2025-12-07,SKU137,50,7.0,9,29
2025-12-07,SKU138,34,10.0,3,19
2025-12-07,SKU139,542,69.0,17,314
2025-12-07,SKU140,52,44.0,12,125
2025-12-07,SKU141,1103,4.0,3,37
2025-12-07,SKU142,93,19.0,9,54
2025-12-07,SKU143,73,130.0,14,300
2025-12-07,SKU144,37,10.0,8,39
2025-12-07,SKU145,349,170.0,5,245
2025-12-07,SKU146,115,40.0,10,67
2025-12-07,SKU147,247,74.0,20,279
2025-12-07,SKU148,637,4.0,9,100
2025-12-07,SKU149,391,127.0,12,259
2025-12-07,SKU150,27,30.0,14,104
2025-12-14,SKU001,80,27.0,18,42
2025-12-14,SKU002,338,166.0,15,332
2025-12-14,SKU003,60,12.0,5,47
2025-12-14,SKU004,66,17.0,6,45
2025-12-14,SKU005,107,50.0,6,78
2025-12-14,SKU006,466,128.0,17,243
2025-12-14,SKU007,28,4.0,3,22
2025-12-14,SKU008,154,66.0,7,113
2025-12-14,SKU009,357,80.0,18,241
2025-12-14,SKU010,374,25.0,14,61
2025-12-14,SKU011,47,29.0,11,45
2025-12-14,SKU012,19,32.0,6,99
2025-12-14,SKU013,33,10.0,4,21
2025-12-14,SKU014,827,43.0,6,81
2025-12-14,SKU015,152,37.0,10,179
2025-12-14,SKU016,75,153.0,19,285
2025-12-14,SKU017,107,25.0,9,102
2025-12-14,SKU018,20,7.0,5,16
2025-12-14,SKU019,216,79.0,13,226
2025-12-14,SKU020,165,56.0,18,109
2025-12-14,SKU021,21,5.0,6,14
2025-12-14,SKU022,252,167.0,7,234
2025-12-14,SKU023,620,163.0,21,563
2025-12-14,SKU024,62,41.0,19,54
2025-12-14,SKU025,129,31.0,7,73
2025-12-14,SKU026,205,55.0,14,207
2025-12-14,SKU027,34,50.0,13,98
2025-12-14,SKU028,31,24.0,9,26
2025-12-14,SKU029,129,36.0,8,88
2025-12-14,SKU030,71,34.0,21,84
2025-12-14,SKU031,814,414.0,17,431
2025-12-14,SKU032,46,21.0,7,49
2025-12-14,SKU033,328,186.0,15,267
2025-12-14,SKU034,103,60.0,9,232
2025-12-14,SKU035,144,26.0,7,130
2025-12-14,SKU036,416,25.0,18,118
2025-12-14,SKU037,174,50.0,12,82
2025-12-14,SKU038,236,23.0,20,137
2025-12-14,SKU039,585,28.0,13,59
2025-12-14,SKU040,279,65.0,19,184
2025-12-14,SKU041,283,102.0,19,271
2025-12-14,SKU042,32,55.0,16,99
2025-12-14,SKU043,108,39.0,9,79
2025-12-14,SKU044,65,15.0,15,46
2025-12-14,SKU045,166,36.0,19,136
2025-12-14,SKU046,231,8.0,10,22
2025-12-14,SKU047,190,85.0,9,118
2025-12-14,SKU048,586,105.0,18,512
2025-12-14,SKU049,182,64.0,16,134
2025-12-14,SKU050,98,101.0,12,179
2025-12-14,SKU051,4275,42.0,3,134
2025-12-14,SKU052,76,38.0,20,79
2025-12-14,SKU053,111,2.0,9,240
2025-12-14,SKU054,62,21.0,5,48
2025-12-14,SKU055,93,74.0,10,96
2025-12-14,SKU056,195,105.0,11,157
2025-12-14,SKU057,115,37.0,12,88
2025-12-14,SKU058,111,70.0,14,373
2025-12-14,SKU059,361,162.0,18,200
2025-12-14,SKU060,101,17.0,8,101
2025-12-14,SKU061,314,50.0,13,300
2025-12-14,SKU062,134,37.0,11,82
2025-12-14,SKU063,44,45.0,13,118
2025-12-14,SKU064,1222,38.0,18,248
2025-12-14,SKU065,28,19.0,12,33
2025-12-14,SKU066,722,91.0,20,464
2025-12-14,SKU067,139,45.0,12,103
2025-12-14,SKU068,304,115.0,20,257
2025-12-14,SKU069,104,54.0,8,81
2025-12-14,SKU070,413,67.0,8,246
2025-12-14,SKU071,62,94.0,10,212
2025-12-14,SKU072,339,184.0,14,213
2025-12-14,SKU073,241,99.0,11,148
2025-12-14,SKU074,357,220.0,20,267
2025-12-14,SKU075,38,6.0,10,61
2025-12-14,SKU076,163,74.0,13,92
2025-12-14,SKU077,406,98.0,21,277
2025-12-14,SKU078,183,24.0,4,107
2025-12-14,SKU079,176,60.0,14,190
2025-12-14,SKU080,503,14.0,6,29
2025-12-14,SKU081,124,35.0,17,216
2025-12-14,SKU082,287,15.0,21,73
2025-12-14,SKU083,44,12.0,3,44
2025-12-14,SKU084,857,28.0,12,102
2025-12-14,SKU085,161,30.0,15,649
2025-12-14,SKU086,280,145.0,18,264
2025-12-14,SKU087,38,13.0,6,35
2025-12-14,SKU088,126,60.0,21,75
2025-12-14,SKU089,271,48.0,21,233
2025-12-14,SKU090,180,119.0,12,146
2025-12-14,SKU091,82,26.0,6,48
2025-12-14,SKU092,80,21.0,6,74
2025-12-14,SKU093,88,8.0,17,277
2025-12-14,SKU094,312,145.0,5,197
2025-12-14,SKU095,1381,689.0,11,926
2025-12-14,SKU096,113,49.0,7,55
2025-12-14,SKU097,491,30.0,3,15
2025-12-14,SKU098,724,296.0,10,416
2025-12-14,SKU099,269,158.0,16,247
2025-12-14,SKU100,219,64.0,8,239
2025-12-14,SKU101,21,8.0,3,17
2025-12-14,SKU102,32,6.0,9,94
2025-12-14,SKU103,422,182.0,16,233
2025-12-14,SKU104,55,37.0,19,168
2025-12-14,SKU105,152,23.0,13,91
2025-12-14,SKU106,1042,50.0,5,58
2025-12-14,SKU107,30,25.0,7,28
2025-12-14,SKU108,145,24.0,18,101
2025-12-14,SKU109,93,21.0,13,87
2025-12-14,SKU110,61,8.0,8,51
2025-12-14,SKU111,167,62.0,4,161
2025-12-14,SKU112,46,21.0,6,33
2025-12-14,SKU113,59,24.0,19,161
2025-12-14,SKU114,370,158.0,18,622
2025-12-14,SKU115,70,12.0,9,38
2025-12-14,SKU116,2447,71.0,17,490
2025-12-14,SKU117,54,36.0,8,66
2025-12-14,SKU118,68,31.0,12,72
2025-12-14,SKU119,20,23.0,10,88
2025-12-14,SKU120,48,72.0,13,97
2025-12-14,SKU121,72,19.0,4,35
2025-12-14,SKU122,313,178.0,16,215
2025-12-14,SKU123,71,31.0,6,67
2025-12-14,SKU124,724,1.0,13,136
2025-12-14,SKU125,184,41.0,17,96
2025-12-14,SKU126,322,121.0,9,158
2025-12-14,SKU127,158,84.0,4,102
2025-12-14,SKU128,150,51.0,5,100
2025-12-14,SKU129,34,40.0,10,124
2025-12-14,SKU130,862,336.0,20,508
2025-12-14,SKU131,22,8.0,12,20
2025-12-14,SKU132,52,47.0,12,127
2025-12-14,SKU133,30,20.0,3,25
2025-12-14,SKU134,90,23.0,19,47
2025-12-14,SKU135,41,9.0,12,131
2025-12-14,SKU136,48,10.0,14,38
2025-12-14,SKU137,7,9.0,8,24
2025-12-14,SKU138,88,37.0,9,57
2025-12-14,SKU139,250,92.0,9,239
2025-12-14,SKU140,900,9.0,14,162
2025-12-14,SKU141,84,28.0,16,158
2025-12-14,SKU142,12,0.0,5,28
2025-12-14,SKU143,216,115.0,11,240
2025-12-14,SKU144,14,16.0,12,53
2025-12-14,SKU145,4844,33.0,3,137
2025-12-14,SKU146,111,68.0,15,120
2025-12-14,SKU147,233,68.0,12,138
2025-12-14,SKU148,216,30.0,18,156
2025-12-14,SKU149,385,147.0,12,274
2025-12-14,SKU150,502,9.0,3,21
2025-12-21,SKU001,21,14.0,8,27
2025-12-21,SKU002,379,63.0,17,357
2025-12-21,SKU003,56,10.0,4,42
2025-12-21,SKU004,85,19.0,10,72
2025-12-21,SKU005,310,80.0,13,194
2025-12-21,SKU006,536,246.0,21,418
2025-12-21,SKU007,58,34.0,15,107
2025-12-21,SKU008,369,62.0,19,412
2025-12-21,SKU009,121,13.0,6,75
2025-12-21,SKU010,475,24.0,18,64
2025-12-21,SKU011,24,6.0,4,15
2025-12-21,SKU012,296,106.0,15,280
2025-12-21,SKU013,19,7.0,6,40
2025-12-21,SKU014,59,40.0,5,50
2025-12-21,SKU015,37,2.0,5,84
2025-12-21,SKU016,137,70.0,9,163
2025-12-21,SKU017,42,24.0,3,34
2025-12-21,SKU018,319,12.0,9,21
2025-12-21,SKU019,356,104.0,17,279
2025-12-21,SKU020,19,20.0,8,42
2025-12-21,SKU021,75,13.0,20,50
2025-12-21,SKU022,554,259.0,11,419
2025-12-21,SKU023,193,32.0,6,109
2025-12-21,SKU024,73,50.0,21,69
2025-12-21,SKU025,259,122.0,14,160
2025-12-21,SKU026,357,185.0,20,311
2025-12-21,SKU027,60,88.0,19,124
2025-12-21,SKU028,54,16.0,11,43
2025-12-21,SKU029,323,130.0,20,191
2025-12-21,SKU030,106,17.0,17,50
2025-12-21,SKU031,501,234.0,10,320
2025-12-21,SKU032,9,3.0,3,18
2025-12-21,SKU033,2028,55.0,18,339
2025-12-21,SKU034,744,290.0,20,541
2025-12-21,SKU035,114,73.0,5,86
2025-12-21,SKU036,119,34.0,12,78
2025-12-21,SKU037,56,27.0,6,49
2025-12-21,SKU038,22,43.0,14,83
2025-12-21,SKU039,108,68.0,16,103
2025-12-21,SKU040,794,5.0,18,209
2025-12-21,SKU041,212,74.0,10,158
2025-12-21,SKU042,41,25.0,6,39
2025-12-21,SKU043,102,23.0,7,55
2025-12-21,SKU044,20,7.0,8,21
2025-12-21,SKU045,42,62.0,16,125
2025-12-21,SKU046,14,10.0,11,33
2025-12-21,SKU047,127,80.0,18,268
2025-12-21,SKU048,720,149.0,15,385
2025-12-21,SKU049,233,28.0,18,145
2025-12-21,SKU050,349,186.0,17,245
2025-12-21,SKU051,846,280.0,16,641
2025-12-21,SKU052,65,11.0,12,52
2025-12-21,SKU053,3205,26.0,16,534
2025-12-21,SKU054,965,39.0,10,96
2025-12-21,SKU055,39,38.0,7,73
2025-12-21,SKU056,179,72.0,10,121
2025-12-21,SKU057,62,50.0,10,76
2025-12-21,SKU058,2340,128.0,14,458
2025-12-21,SKU059,29,33.0,7,86
2025-12-21,SKU060,165,68.0,14,168
2025-12-21,SKU061,215,0.0,18,416
2025-12-21,SKU062,27,9.0,3,19
2025-12-21,SKU063,29,24.0,12,80
2025-12-21,SKU064,153,113.0,10,124
2025-12-21,SKU065,176,4.0,19,39
2025-12-21,SKU066,580,260.0,17,334
2025-12-21,SKU067,64,25.0,4,32
2025-12-21,SKU068,60,46.0,5,61
2025-12-21,SKU069,234,85.0,21,278
2025-12-21,SKU070,604,189.0,14,386
2025-12-21,SKU071,315,57.0,15,241
2025-12-21,SKU072,160,93.0,7,134
2025-12-21,SKU073,343,97.0,14,267
2025-12-21,SKU074,340,40.0,17,220
2025-12-21,SKU075,29,15.0,5,31
2025-12-21,SKU076,43,8.0,11,70
2025-12-21,SKU077,509,126.0,21,297
2025-12-21,SKU078,3082,2.0,18,429
2025-12-21,SKU079,67,51.0,18,256
2025-12-21,SKU080,8,10.0,4,17
2025-12-21,SKU081,135,177.0,20,261
2025-12-21,SKU082,381,12.0,16,74
2025-12-21,SKU083,126,34.0,8,109
2025-12-21,SKU084,52,9.0,17,152
2025-12-21,SKU085,1039,159.0,16,667
2025-12-21,SKU086,435,95.0,21,335
2025-12-21,SKU087,34,11.0,4,21
2025-12-21,SKU088,137,30.0,21,75
2025-12-21,SKU089,32,18.0,15,126
2025-12-21,SKU090,142,20.0,20,244
2025-12-21,SKU091,33,5.0,3,27
2025-12-21,SKU092,378,163.0,21,255
2025-12-21,SKU093,108,16.0,13,157
2025-12-21,SKU094,2884,263.0,3,171
2025-12-21,SKU095,2182,687.0,14,1442
2025-12-21,SKU096,795,23.0,21,184
2025-12-21,SKU097,45,16.0,9,37
2025-12-21,SKU098,4597,205.0,21,923
2025-12-21,SKU099,144,81.0,16,247
2025-12-21,SKU100,556,377.0,19,626
2025-12-21,SKU101,712,44.0,6,41
2025-12-21,SKU102,147,65.0,11,134
2025-12-21,SKU103,101,64.0,6,107
2025-12-21,SKU104,228,35.0,18,185
2025-12-21,SKU105,748,25.0,16,107
2025-12-21,SKU106,173,55.0,11,158
2025-12-21,SKU107,349,6.0,17,91
2025-12-21,SKU108,157,44.0,21,101
2025-12-21,SKU109,43,9.0,11,78
2025-12-21,SKU110,65,39.0,13,75
2025-12-21,SKU111,318,125.0,7,278
2025-12-21,SKU112,30,4.0,13,64
2025-12-21,SKU113,127,21.0,11,73
2025-12-21,SKU114,255,58.0,4,123
2025-12-21,SKU115,541,3.0,17,107
2025-12-21,SKU116,153,230.0,18,497
2025-12-21,SKU117,418,27.0,3,21
2025-12-21,SKU118,59,47.0,11,68
2025-12-21,SKU119,36,11.0,3,31
2025-12-21,SKU120,63,59.0,16,133
2025-12-21,SKU121,313,32.0,18,205
2025-12-21,SKU122,984,2.0,17,278
2025-12-21,SKU123,61,40.0,6,70
2025-12-21,SKU124,47,64.0,21,211
2025-12-21,SKU125,138,43.0,16,93
2025-12-21,SKU126,508,158.0,16,273
2025-12-21,SKU127,77,89.0,6,140
2025-12-21,SKU128,76,41.0,4,71
2025-12-21,SKU129,87,38.0,5,51
2025-12-21,SKU130,149,342.0,18,544
2025-12-21,SKU131,15,14.0,21,27
2025-12-21,SKU132,156,47.0,9,106
2025-12-21,SKU133,45,39.0,14,130
2025-12-21,SKU134,88,23.0,19,69
2025-12-21,SKU135,245,109.0,18,199
2025-12-21,SKU136,49,22.0,20,52
2025-12-21,SKU137,329,11.0,16,58
2025-12-21,SKU138,549,5.0,5,39
2025-12-21,SKU139,1626,119.0,21,506
2025-12-21,SKU140,100,58.0,18,220
2025-12-21,SKU141,24,11.0,4,38
2025-12-21,SKU142,31,7.0,10,54
2025-12-21,SKU143,63,20.0,6,123
2025-12-21,SKU144,81,34.0,10,50
2025-12-21,SKU145,1027,546.0,16,875
2025-12-21,SKU146,47,22.0,13,98
2025-12-21,SKU147,389,36.0,19,234
2025-12-21,SKU148,292,66.0,18,203
2025-12-21,SKU149,122,39.0,12,207
2025-12-21,SKU150,156,26.0,13,81
2025-12-28,SKU001,46,7.0,11,29
2025-12-28,SKU002,1346,113.0,3,51
2025-12-28,SKU003,95,38.0,9,93
2025-12-28,SKU004,767,3.0,5,39
2025-12-28,SKU005,304,201.0,19,254
2025-12-28,SKU006,71,42.0,4,61
2025-12-28,SKU007,71,42.0,9,68
2025-12-28,SKU008,1290,47.0,12,268
2025-12-28,SKU009,1363,31.0,9,125
2025-12-28,SKU010,113,29.0,16,57
2025-12-28,SKU011,19,4.0,3,13
2025-12-28,SKU012,35,88.0,9,139
2025-12-28,SKU013,18,4.0,3,19
2025-12-28,SKU014,113,33.0,9,116
2025-12-28,SKU015,162,119.0,10,167
2025-12-28,SKU016,246,128.0,10,137
2025-12-28,SKU017,41,8.0,7,81
2025-12-28,SKU018,19,9.0,6,18
2025-12-28,SKU019,22,44.0,6,119
2025-12-28,SKU020,70,14.0,8,38
2025-12-28,SKU021,55,21.0,13,32
2025-12-28,SKU022,80,170.0,11,324
2025-12-28,SKU023,2055,73.0,4,103
2025-12-28,SKU024,31,11.0,9,23
2025-12-28,SKU025,1040,11.0,20,216
2025-12-28,SKU026,292,53.0,14,203
2025-12-28,SKU027,87,30.0,7,46
2025-12-28,SKU028,18,26.0,12,50
2025-12-28,SKU029,355,35.0,18,207
2025-12-28,SKU030,57,34.0,13,51
2025-12-28,SKU031,512,79.0,10,270
2025-12-28,SKU032,645,26.0,3,20
2025-12-28,SKU033,133,3.0,19,355
2025-12-28,SKU034,405,182.0,10,266
2025-12-28,SKU035,158,23.0,14,234
2025-12-28,SKU036,29,27.0,20,118
2025-12-28,SKU037,183,102.0,21,156
2025-12-28,SKU038,27,3.0,3,20
2025-12-28,SKU039,40,36.0,17,77
2025-12-28,SKU040,213,77.0,14,127
2025-12-28,SKU041,1382,85.0,18,268
2025-12-28,SKU042,92,43.0,9,62
2025-12-28,SKU043,93,57.0,21,155
2025-12-28,SKU044,26,10.0,10,26
2025-12-28,SKU045,769,0.0,7,45
2025-12-28,SKU046,57,28.0,17,38
2025-12-28,SKU047,245,65.0,15,201
2025-12-28,SKU048,93,52.0,8,256
2025-12-28,SKU049,21,0.0,6,50
2025-12-28,SKU050,184,103.0,14,232
2025-12-28,SKU051,155,30.0,3,101
2025-12-28,SKU052,29,10.0,6,21
2025-12-28,SKU053,39,39.0,6,168
2025-12-28,SKU054,23,18.0,3,24
2025-12-28,SKU055,100,29.0,6,69
2025-12-28,SKU056,1048,77.0,9,108
2025-12-28,SKU057,36,9.0,19,124
2025-12-28,SKU058,87,24.0,6,165
2025-12-28,SKU059,178,31.0,9,100
2025-12-28,SKU060,255,164.0,20,242
2025-12-28,SKU061,126,66.0,7,136
2025-12-28,SKU062,195,25.0,16,117
2025-12-28,SKU063,171,94.0,19,175
2025-12-28,SKU064,113,34.0,7,90
2025-12-28,SKU065,20,7.0,6,16
2025-12-28,SKU066,119,217.0,17,327
2025-12-28,SKU067,206,107.0,18,179
2025-12-28,SKU068,290,174.0,19,251
2025-12-28,SKU069,255,29.0,16,182
2025-12-28,SKU070,565,62.0,10,275
2025-12-28,SKU071,127,52.0,12,227
2025-12-28,SKU072,182,49.0,7,107
2025-12-28,SKU073,1710,27.0,14,246
2025-12-28,SKU074,20,7.0,5,87
2025-12-28,SKU075,91,39.0,10,65
2025-12-28,SKU076,29,14.0,3,17
2025-12-28,SKU077,209,70.0,12,167
2025-12-28,SKU078,175,78.0,16,415
2025-12-28,SKU079,374,188.0,21,284
2025-12-28,SKU080,113,68.0,16,84
2025-12-28,SKU081,118,134.0,14,228
2025-12-28,SKU082,48,6.0,8,34
2025-12-28,SKU083,150,68.0,6,81
2025-12-28,SKU084,34,15.0,3,26
2025-12-28,SKU085,173,115.0,4,205
2025-12-28,SKU086,206,29.0,12,151
2025-12-28,SKU087,24,18.0,4,22
2025-12-28,SKU088,55,13.0,15,63
2025-12-28,SKU089,19,13.0,9,81
2025-12-28,SKU090,60,17.0,4,55
2025-12-28,SKU091,212,44.0,19,146
2025-12-28,SKU092,231,112.0,15,184
2025-12-28,SKU093,389,144.0,17,228
2025-12-28,SKU094,4426,55.0,6,305
2025-12-28,SKU095,266,235.0,9,829
2025-12-28,SKU096,90,25.0,6,64
2025-12-28,SKU097,46,13.0,7,30
2025-12-28,SKU098,646,106.0,14,757
2025-12-28,SKU099,40,76.0,10,164
2025-12-28,SKU100,567,105.0,12,416
2025-12-28,SKU101,556,20.0,20,154
2025-12-28,SKU102,63,28.0,6,74
2025-12-28,SKU103,1430,100.0,13,206
2025-12-28,SKU104,997,45.0,8,73
2025-12-28,SKU105,52,47.0,13,84
2025-12-28,SKU106,132,45.0,6,74
2025-12-28,SKU107,87,32.0,20,81
2025-12-28,SKU108,41,16.0,6,26
2025-12-28,SKU109,87,25.0,9,73
2025-12-28,SKU110,11,11.0,4,22
2025-12-28,SKU111,437,256.0,11,495
2025-12-28,SKU112,12,10.0,4,25
2025-12-28,SKU113,85,18.0,21,182
2025-12-28,SKU114,330,75.0,8,303
2025-12-28,SKU115,156,30.0,20,125
2025-12-28,SKU116,247,167.0,10,271
2025-12-28,SKU117,137,90.0,17,123
2025-12-28,SKU118,39,34.0,15,94
2025-12-28,SKU119,1014,8.0,18,158
2025-12-28,SKU120,155,132.0,18,182
2025-12-28,SKU121,20,5.0,5,57
2025-12-28,SKU122,236,100.0,16,268
2025-12-28,SKU123,58,30.0,4,33
2025-12-28,SKU124,222,153.0,20,188
2025-12-28,SKU125,58,15.0,9,59
2025-12-28,SKU126,2174,67.0,3,62
2025-12-28,SKU127,146,121.0,6,182
2025-12-28,SKU128,144,30.0,15,226
2025-12-28,SKU129,48,43.0,16,152
2025-12-28,SKU130,206,165.0,19,644
2025-12-28,SKU131,12,3.0,5,7
2025-12-28,SKU132,23,35.0,6,55
2025-12-28,SKU133,51,31.0,5,44
2025-12-28,SKU134,70,32.0,17,46
2025-12-28,SKU135,299,159.0,21,174
2025-12-28,SKU136,157,7.0,21,55
2025-12-28,SKU137,255,7.0,3,9
2025-12-28,SKU138,5,8.0,3,17
2025-12-28,SKU139,2043,140.0,5,125
2025-12-28,SKU140,777,8.0,8,95
2025-12-28,SKU141,340,86.0,19,162
2025-12-28,SKU142,110,27.0,11,83
2025-12-28,SKU143,225,57.0,10,223
2025-12-28,SKU144,24,7.0,4,21
2025-12-28,SKU145,4375,264.0,6,232
2025-12-28,SKU146,128,97.0,18,122
2025-12-28,SKU147,143,76.0,10,116
2025-12-28,SKU148,90,59.0,15,167
2025-12-28,SKU149,1714,33.0,3,60
2025-12-28,SKU150,505,38.0,9,55
